area,bedrooms,bathrooms,stories,parking,year_built,city,price
3707,1,4,3,2,2008,Bangalore,14789172
1242,3,1,3,0,2013,Delhi,6161852
4953,4,2,1,0,2007,Hyderabad,17629552
1814,5,1,2,1,1986,Bangalore,8214449
1994,5,2,3,0,1980,Mumbai,11383467
755,3,4,3,2,2014,Bangalore,4634915
1219,2,1,3,1,2004,Delhi,5890511
4313,2,2,1,2,2009,Hyderabad,15272508
1412,5,4,2,1,1989,Pune,6669860
1288,3,2,1,2,2007,Mumbai,7456759
2199,3,1,2,2,2019,Pune,8398024
4809,1,4,2,2,1983,Bangalore,18663047
2557,3,4,3,2,2007,Mumbai,13891394
647,4,4,1,2,2019,Mumbai,5315072
1120,2,2,3,2,1980,Mumbai,6675406
2759,1,4,2,2,2000,Kolkata,8406968
3148,2,4,2,0,2013,Chennai,10603923
4963,4,3,2,2,2013,Delhi,21325141
724,3,4,3,2,1995,Hyderabad,4173584
4807,4,3,3,1,2007,Bangalore,19265637
4634,5,2,3,2,1985,Delhi,20290362
3045,4,3,1,0,2016,Mumbai,15740665
4586,2,2,3,2,2017,Pune,16331659
886,1,4,2,2,1994,Hyderabad,4127570
2958,2,2,3,0,2002,Hyderabad,10813613
2644,2,3,1,0,2017,Delhi,11577957
4639,3,1,3,0,2016,Pune,16509849
1245,1,1,3,2,1987,Bangalore,5336759
2320,3,2,3,2,2007,Bangalore,9886371
2157,4,3,2,0,1994,Pune,8721795
3489,4,1,3,1,2013,Hyderabad,12914690
4985,4,2,1,1,2020,Bangalore,19445397
4888,4,1,3,2,2012,Chennai,16001739
4631,4,2,3,1,2009,Kolkata,13829586
1392,4,1,1,0,2009,Pune,5724701
1230,4,2,1,2,2017,Pune,5478285
4172,3,4,2,1,1985,Mumbai,20984173
4853,1,3,3,0,2022,Hyderabad,17072023
4867,3,4,1,1,2012,Bangalore,19094161
2579,5,2,1,1,2019,Bangalore,10974929
4663,1,3,2,1,1983,Pune,16423278
2547,1,1,2,1,1989,Mumbai,12407205
4075,2,2,2,2,2011,Mumbai,19849081
2458,5,1,1,2,1997,Bangalore,10455319
3584,3,2,3,2,2011,Pune,13271759
2237,5,4,1,2,1986,Chennai,8509046
3554,2,3,1,1,1986,Mumbai,17464639
1183,2,2,1,0,1997,Hyderabad,4806902
1999,3,1,2,1,1999,Mumbai,10472541
3784,4,3,2,0,1991,Delhi,16624151
3284,2,2,1,1,2021,Chennai,10674437
2822,3,1,3,1,2015,Hyderabad,10500133
974,1,3,2,2,2007,Kolkata,3477919
1488,4,4,2,1,1983,Chennai,6118804
3767,1,4,3,1,2020,Kolkata,11167601
3878,1,3,3,2,2017,Mumbai,18980875
4327,3,1,2,2,1980,Hyderabad,15402924
4292,1,3,2,1,1983,Kolkata,12421388
3817,3,4,3,1,2008,Delhi,16933278
1563,5,1,1,1,2005,Kolkata,5350511
2624,4,2,3,2,1999,Delhi,12160105
1592,4,1,1,0,1987,Chennai,5838423
2085,4,3,1,0,2020,Delhi,9919012
779,2,2,1,0,2017,Hyderabad,3408292
1268,1,2,3,0,2016,Bangalore,5485570
1305,4,4,2,2,2001,Delhi,7252902
1158,2,3,1,0,2011,Chennai,4431498
1938,3,4,3,1,1992,Mumbai,11079048
2562,3,2,1,2,1986,Chennai,8783082
3163,4,1,1,1,2016,Bangalore,12718243
1196,4,1,2,2,2004,Hyderabad,5343759
3220,2,4,3,2,2022,Chennai,11024940
1638,2,3,1,0,2005,Pune,6437775
4442,3,3,1,2,1991,Delhi,18932364
3751,4,1,3,1,1982,Mumbai,18877859
4170,2,1,2,0,2001,Pune,14635237
2156,2,2,3,0,1981,Delhi,9710663
3584,5,1,1,2,1983,Mumbai,18178232
4054,3,2,2,2,1983,Chennai,13351623
3468,3,4,3,2,1995,Chennai,12050684
2136,3,1,1,2,2017,Bangalore,8835632
2075,4,1,1,2,2021,Bangalore,8879986
4738,2,4,1,1,1997,Delhi,19956497
3206,4,2,2,1,2005,Pune,12085410
3873,5,2,1,2,2005,Chennai,13073397
4533,3,1,3,0,2020,Pune,16121871
3792,1,4,1,0,1994,Delhi,16006901
4373,4,3,3,2,1998,Bangalore,17742188
2845,2,3,2,0,2019,Mumbai,14398290
3685,2,4,2,0,2006,Bangalore,14713320
3160,2,2,2,0,1993,Hyderabad,11467708
3468,1,4,2,2,2011,Pune,12697419
2913,3,2,2,1,1981,Kolkata,8907060
1897,2,1,2,1,1994,Hyderabad,7113930
1660,3,1,2,2,2013,Delhi,7794886
561,4,4,1,2,2020,Hyderabad,3637594
1178,3,3,3,2,2020,Mumbai,7444897
1031,5,4,3,2,2015,Hyderabad,5635741
563,2,2,1,1,2007,Bangalore,3066995
849,2,4,2,0,2002,Pune,4138004
1578,4,3,2,2,2001,Pune,6898691
1468,3,3,2,0,1996,Kolkata,5063408
3869,2,4,2,2,2022,Bangalore,15516275
1760,1,2,3,2,2019,Delhi,8074277
1965,5,4,2,1,1985,Kolkata,6941308
4611,4,4,2,2,2008,Bangalore,18660580
2443,2,4,2,1,2021,Mumbai,12876293
2688,2,4,2,2,2015,Pune,10280857
1723,1,3,1,2,1981,Chennai,5984788
4139,5,1,1,1,2009,Mumbai,20572266
2546,3,1,2,0,2000,Bangalore,10296714
1527,1,2,3,1,2020,Pune,5928781
1983,4,3,1,1,1982,Pune,8112316
4351,4,4,3,1,2018,Kolkata,13349213
1176,1,2,3,1,1994,Kolkata,3904478
1351,1,3,2,2,2019,Pune,5526696
4783,2,1,1,1,1987,Bangalore,18031696
4270,4,3,1,1,2020,Mumbai,21352089
4744,3,4,3,0,2001,Delhi,20411242
3367,4,4,2,1,1982,Kolkata,10563196
2967,5,1,3,1,1994,Bangalore,12461818
3050,1,3,3,1,2017,Pune,11130482
3754,2,4,1,1,2017,Chennai,12441608
573,1,3,1,1,2008,Bangalore,2986859
3160,5,1,3,2,1981,Pune,12153677
2778,1,1,1,1,2000,Pune,9677238
4418,5,1,2,2,2004,Bangalore,17682138
4765,1,3,2,0,1987,Delhi,19653974
1289,1,2,3,0,2001,Chennai,4691206
4054,4,3,2,2,2002,Delhi,17787171
4979,2,4,2,0,2007,Delhi,21005390
2784,4,4,1,2,2018,Bangalore,11966767
590,4,4,2,1,1992,Pune,3811494
3561,2,3,3,1,1983,Bangalore,14229321
1211,1,4,1,2,2022,Mumbai,6970015
808,4,3,2,0,2019,Delhi,5036908
3259,5,3,2,0,2011,Chennai,11402894
1229,4,2,2,1,2016,Chennai,4987128
4312,2,2,1,0,2022,Chennai,13689198
996,3,2,1,0,1990,Bangalore,4830640
1676,1,1,2,2,2009,Mumbai,8469969
2546,5,2,3,0,2017,Bangalore,11051485
4602,3,4,3,2,1983,Bangalore,18486157
3649,1,1,3,1,2022,Bangalore,13931029
4394,4,2,3,2,1987,Chennai,14665341
845,3,4,2,2,2017,Kolkata,3665596
4858,4,2,1,0,2011,Kolkata,14234572
2527,3,4,3,1,2005,Pune,10047986
2077,5,1,3,2,2018,Mumbai,11698421
4565,2,3,2,1,1992,Delhi,19186133
3535,5,4,3,0,1980,Pune,13720622
1555,1,4,3,0,2012,Bangalore,6891003
2207,2,4,3,1,2018,Bangalore,9536928
4575,1,4,2,0,1994,Delhi,19092892
1716,3,1,2,2,2013,Hyderabad,6811674
3746,2,1,3,2,2004,Delhi,15807009
3745,3,4,3,2,2014,Pune,14155525
1721,4,1,2,0,2011,Delhi,8243982
4888,3,4,2,2,1999,Chennai,16128384
3769,1,3,3,1,1997,Bangalore,14789924
3733,4,1,1,0,2001,Hyderabad,13512507
3113,1,2,2,1,1983,Hyderabad,11136741
3536,1,2,3,0,2010,Pune,12577405
4499,1,1,3,2,2019,Kolkata,12779543
4915,2,4,2,2,1998,Hyderabad,17621352
1589,4,3,1,2,2019,Hyderabad,6832779
1273,2,3,2,2,2019,Delhi,6487333
1861,3,3,1,1,1991,Pune,7438568
3617,3,2,2,0,2014,Kolkata,10719341
3376,5,1,3,2,2011,Hyderabad,12844716
4491,4,3,3,0,2006,Delhi,19529186
3110,4,2,2,1,1999,Hyderabad,11781495
4395,2,3,3,2,2010,Delhi,18804668
3971,4,3,2,0,1996,Hyderabad,14689664
4300,5,2,3,1,2008,Hyderabad,16004512
944,1,3,2,1,2002,Mumbai,5614087
1302,3,2,2,1,2004,Chennai,5055633
1800,1,4,1,1,1988,Chennai,6383013
1289,3,4,3,2,1994,Chennai,5503164
4600,5,2,3,2,2008,Pune,17089683
2897,1,4,1,1,1987,Hyderabad,10641830
4961,2,2,3,2,1993,Pune,17612689
4116,3,3,3,0,1983,Chennai,13724313
2463,1,3,3,1,2020,Pune,9180849
4008,5,4,1,1,1985,Chennai,13818548
2445,1,2,1,2,1990,Kolkata,7248264
4364,3,1,3,1,1994,Chennai,14183406
2344,4,4,2,2,2015,Delhi,11356813
3818,3,2,2,2,1984,Kolkata,11398912
1910,4,2,3,2,1982,Delhi,9415642
4943,1,3,1,0,1987,Delhi,20258115
1531,4,3,1,1,2011,Mumbai,8997989
3240,1,4,3,2,1994,Hyderabad,11980090
3429,2,4,1,2,1981,Pune,12664352
2062,2,2,2,0,2009,Bangalore,8517464
2323,2,3,2,0,1996,Kolkata,7256041
504,3,4,1,2,2000,Hyderabad,3199109
3087,4,1,1,0,1995,Chennai,10333546
3965,2,1,2,2,1994,Delhi,16598162
3149,4,2,2,2,2009,Delhi,14051196
4798,5,2,3,2,1995,Kolkata,14455560
4994,2,4,2,1,1988,Pune,17860643
3383,3,3,3,0,1998,Bangalore,13750183
1735,4,3,3,1,2014,Delhi,8865089
3153,4,1,1,1,1987,Pune,11612335
2582,5,3,3,1,1989,Hyderabad,10526195
3245,4,3,3,2,1987,Pune,12532913
2475,3,4,1,1,2017,Mumbai,13179540
2075,2,4,2,2,1994,Chennai,7519645
2798,1,1,2,1,2022,Mumbai,13442524
553,1,1,2,0,2012,Delhi,2869073
4764,5,1,1,1,1981,Hyderabad,17191596
2548,5,4,3,1,2001,Delhi,12520936
1167,4,2,1,1,1999,Delhi,6209536
818,2,3,1,0,1986,Kolkata,3102198
3494,1,1,1,2,1990,Pune,12154172
3302,5,3,3,0,2018,Kolkata,10480763
4621,5,1,1,2,1987,Pune,16765289
2120,1,2,3,1,2008,Kolkata,6468337
3499,4,2,3,1,2014,Kolkata,10705253
921,2,4,1,0,2017,Chennai,3834287
1867,3,1,2,0,1988,Mumbai,9811298
3949,4,4,3,1,1988,Pune,14909777
4998,1,4,3,0,2007,Mumbai,24165865
1300,3,4,2,0,2018,Pune,5870739
4812,4,2,1,1,1991,Bangalore,18841671
579,2,2,2,0,2018,Hyderabad,2900698
2466,4,3,1,1,2005,Delhi,11426267
3868,3,4,2,0,2016,Mumbai,19549620
4180,4,3,2,2,1987,Hyderabad,15547159
3179,3,2,1,0,2007,Chennai,10520872
4769,5,2,1,1,1981,Bangalore,18956736
1824,5,1,2,2,2008,Delhi,9012809
1586,4,1,1,1,1988,Hyderabad,6422727
3452,4,3,1,0,2021,Kolkata,10526663
4701,2,1,3,0,2016,Delhi,19404437
1506,1,2,3,0,2010,Pune,5800272
3117,4,1,3,2,2017,Bangalore,12862718
2421,1,4,2,1,2005,Delhi,10851421
3230,2,4,1,1,1985,Chennai,10805417
1675,4,2,1,2,2021,Bangalore,7546875
4716,1,4,1,0,2021,Pune,16551702
1050,2,1,1,0,2013,Kolkata,3376598
4541,4,2,3,1,1988,Bangalore,18114652
3254,3,1,3,0,1991,Bangalore,12978758
2537,1,2,3,2,2004,Mumbai,12757654
840,5,4,1,0,2000,Chennai,4171172
1623,3,4,1,2,2019,Chennai,6253287
3993,4,2,2,1,2018,Bangalore,15969227
660,2,4,2,2,2013,Bangalore,3960956
2207,1,2,3,2,2009,Mumbai,11295136
2183,5,4,2,1,1988,Delhi,10888118
3800,3,3,1,1,1986,Hyderabad,13882803
4068,2,2,1,1,2009,Hyderabad,14333320
4344,2,2,1,1,2021,Pune,15295148
4839,2,4,3,2,2014,Bangalore,19085744
2208,5,1,3,1,1995,Chennai,8106936
2861,4,1,3,1,2003,Kolkata,8882335
1339,2,2,2,2,1981,Chennai,5049641
3021,2,1,1,0,1987,Bangalore,11680223
1509,4,2,3,2,1981,Delhi,7844638
977,2,4,1,0,2015,Bangalore,4796902
4805,5,1,1,0,2004,Kolkata,14088001
3498,4,4,1,1,2001,Delhi,15655088
3159,3,1,3,1,1998,Kolkata,9500568
3965,4,3,3,2,1995,Delhi,17603938
2276,1,3,1,2,1985,Bangalore,9181709
3176,3,2,2,2,1988,Mumbai,16118782
3175,3,4,3,0,2012,Pune,12175859
1229,3,1,1,1,2017,Pune,5025040
1681,3,1,2,0,2014,Chennai,5965967
4954,4,3,2,2,1982,Kolkata,14732024
1918,2,4,3,0,1997,Pune,7764085
3128,2,4,3,1,2018,Chennai,10751193
3934,1,3,2,1,2012,Mumbai,19060566
2647,1,2,3,2,1993,Delhi,11465046
1399,5,3,3,2,1984,Delhi,7880996
1738,1,3,3,0,1983,Kolkata,5589896
2328,3,3,1,2,1994,Bangalore,9909430
4247,1,2,1,0,1997,Bangalore,16056749
806,5,4,1,1,1995,Hyderabad,4576104
4463,1,3,3,1,2004,Delhi,18741354
4443,4,3,2,1,2019,Chennai,14846039
1775,5,4,3,0,2000,Delhi,9352070
3921,2,4,2,1,1993,Pune,14321699
1545,4,2,2,2,2017,Mumbai,9033765
2312,4,1,2,1,1994,Bangalore,9794844
556,5,1,3,1,2017,Hyderabad,3479501
601,3,4,3,1,1991,Mumbai,5009808
4535,2,1,2,0,1986,Bangalore,17262348
3915,2,1,2,2,1995,Kolkata,11298932
2662,1,3,2,1,1996,Hyderabad,9764558
1077,5,1,2,0,1988,Mumbai,6824522
3377,1,3,1,0,1991,Hyderabad,11923842
4719,4,1,2,1,1987,Hyderabad,16898058
3584,4,2,3,1,2017,Delhi,15815054
2257,4,1,2,2,1999,Bangalore,9610358
2203,3,3,1,0,1982,Pune,8557181
3976,2,1,2,0,2022,Pune,13966949
1659,5,2,3,1,2011,Chennai,6633803
1858,2,3,1,2,1987,Bangalore,7971855
3568,2,3,3,1,1986,Delhi,15427473
4743,1,3,2,2,1987,Hyderabad,16738648
3631,3,2,3,0,2012,Bangalore,14523036
3073,5,4,1,2,1998,Chennai,10974992
1433,5,2,3,0,1984,Pune,6472414
598,2,3,2,0,1998,Delhi,3674407
785,5,2,3,2,1990,Chennai,4092085
2201,4,4,3,2,2011,Chennai,8413277
3933,1,4,3,1,1984,Pune,14217570
3776,5,3,2,1,2009,Kolkata,11707976
1854,3,1,3,0,1986,Delhi,8595928
1140,2,3,2,0,1991,Bangalore,5412531
4096,5,1,3,0,2005,Delhi,17836187
4810,4,2,3,2,2005,Kolkata,14362072
4416,1,4,2,1,1996,Chennai,14327499
4502,4,4,3,0,1985,Kolkata,13676266
2163,5,2,2,0,1999,Mumbai,12020141
1795,4,3,3,2,1991,Delhi,9171271
2553,4,3,3,0,1981,Kolkata,8334403
4841,4,4,1,2,1983,Chennai,16112712
3371,2,3,2,2,2011,Bangalore,13507700
4057,5,1,1,2,1992,Hyderabad,14917838
4065,4,3,1,0,1981,Delhi,17619372
4176,3,1,1,0,2019,Pune,14702870
1293,2,1,2,0,1990,Mumbai,6946936
1309,3,1,3,1,1987,Kolkata,4474477
2199,4,3,1,0,1990,Hyderabad,8704239
2862,3,1,1,0,1987,Chennai,9390010
3326,3,3,3,2,2017,Bangalore,13711153
4540,4,3,2,1,1981,Bangalore,18182707
978,3,1,2,1,1992,Hyderabad,4324909
4676,3,4,3,1,2000,Mumbai,23399095
2891,2,2,2,1,2008,Delhi,12507484
734,3,1,3,2,1988,Chennai,3352999
819,5,3,2,0,2019,Bangalore,4892597
4672,2,2,3,2,1991,Delhi,19615912
4859,2,1,1,1,2014,Bangalore,18378585
802,3,1,1,1,1983,Hyderabad,3593509
4415,1,1,1,2,1998,Pune,15149973
2710,3,3,2,1,2016,Hyderabad,10364503
3150,1,3,2,1,1994,Kolkata,9291755
1060,1,1,2,0,1990,Pune,4135639
2241,3,1,1,2,2021,Hyderabad,8395140
4615,3,3,3,2,1981,Pune,16847821
1260,4,4,3,0,2005,Hyderabad,6042622
1943,5,4,3,2,2011,Hyderabad,8581052
1776,1,3,1,2,2020,Kolkata,5545063
730,1,4,2,0,2011,Kolkata,2824992
1729,3,4,1,1,2010,Chennai,6566948
4281,5,2,3,0,2004,Delhi,18750603
1340,1,3,3,2,1989,Kolkata,4520928
3129,1,2,2,1,1990,Chennai,10089361
3920,2,4,1,0,2003,Chennai,12855035
967,4,1,3,1,1984,Mumbai,6283229
3112,4,1,1,2,1990,Pune,11557086
858,5,4,3,2,2008,Chennai,4572737
3854,3,2,2,1,2009,Pune,13981325
4660,3,4,3,2,2017,Chennai,15587723
3737,5,1,1,2,1996,Pune,13839323
3899,3,2,3,0,2008,Mumbai,19303841
1233,5,3,2,2,1982,Chennai,5493506
723,5,1,3,2,2002,Kolkata,3373180
4801,3,3,2,2,2012,Kolkata,14201226
2020,1,3,1,1,2003,Kolkata,6209161
1980,2,2,2,2,1987,Bangalore,8303743
2483,5,4,2,2,2004,Chennai,9344330
1772,1,2,1,0,1985,Pune,6480317
3996,4,3,3,2,2001,Mumbai,20497143
3646,3,3,3,1,2014,Pune,13566623
946,1,3,1,1,2008,Kolkata,3294219
2851,3,4,2,1,1983,Chennai,9960995
1909,1,3,3,2,2004,Mumbai,10165598
1796,5,2,1,1,2015,Delhi,8848955
3254,1,4,2,2,2002,Kolkata,9779622
3879,2,1,3,2,2016,Bangalore,15059206
4973,2,3,1,2,1980,Delhi,20777218
4230,4,3,2,1,2008,Bangalore,17040753
3112,5,3,3,0,2020,Delhi,14404977
546,1,3,1,2,2007,Chennai,2535652
4119,5,1,2,1,2003,Hyderabad,15149996
3572,2,2,2,1,2005,Chennai,11636973
2380,5,3,2,2,1996,Delhi,11585750
4730,3,2,2,2,1986,Mumbai,23095957
3900,1,1,1,2,2022,Chennai,12267341
2400,4,1,1,0,2021,Hyderabad,9097079
1367,4,2,1,1,1987,Delhi,6983301
2373,2,2,1,0,1993,Mumbai,11916100
3932,3,2,1,1,1982,Mumbai,19262372
2768,1,3,3,0,1999,Bangalore,11067488
3228,4,4,1,1,2020,Kolkata,10134176
2823,4,1,3,1,1998,Pune,10760208
3730,4,4,1,0,1993,Pune,14005909
4985,2,4,1,0,1980,Chennai,16021117
1899,5,1,3,1,2022,Hyderabad,7902756
673,5,4,3,1,1982,Pune,4402281
1597,1,3,2,1,2012,Pune,6230259
4442,3,3,1,2,2006,Hyderabad,16077365
4122,1,4,3,2,2001,Pune,14958706
1630,2,1,3,1,1983,Pune,6374058
1642,5,4,3,1,1988,Kolkata,6158923
1720,4,2,2,1,1987,Mumbai,9797736
1670,1,3,2,0,2017,Hyderabad,6437384
3511,4,2,3,1,1986,Delhi,15617368
2022,1,3,1,0,2001,Kolkata,6134996
2699,4,4,3,2,2006,Mumbai,14834666
1408,1,4,2,0,2019,Bangalore,6304573
865,4,2,1,1,2020,Kolkata,3453870
4350,3,4,3,1,2002,Hyderabad,16041340
2331,4,4,1,0,1986,Delhi,11059980
856,1,2,2,1,2007,Chennai,3340803
1363,1,3,1,0,1991,Mumbai,7283495
4959,5,4,3,2,1996,Delhi,21957379
1459,5,4,1,2,2014,Kolkata,5597501
1367,5,2,2,2,1989,Kolkata,5109311
3822,4,4,1,0,1995,Bangalore,15577354
3285,5,3,1,2,2017,Delhi,14949816
3972,1,2,2,1,1983,Kolkata,11444025
898,1,2,1,0,2011,Mumbai,4951066
1785,1,4,1,2,2005,Mumbai,9567906
1626,5,1,3,1,2017,Delhi,8329704
1300,2,1,3,2,1991,Kolkata,4323928
2545,3,3,3,0,1983,Hyderabad,9883010
3874,4,4,1,0,1992,Bangalore,15760830
2616,3,2,3,0,2003,Hyderabad,9960062
1438,3,4,1,0,2001,Pune,6141754
2281,2,2,3,0,1987,Kolkata,7041095
3521,1,1,2,0,1992,Delhi,14474635
1722,3,4,1,2,1990,Kolkata,5944205
2567,1,4,2,0,2020,Pune,9613451
2695,3,2,1,1,1988,Kolkata,8171551
1593,1,4,1,2,2002,Mumbai,8715611
1135,1,4,3,2,1980,Chennai,4597373
1296,1,2,2,1,1982,Mumbai,6935654
3719,2,4,2,1,1981,Mumbai,18646761
3460,5,1,3,0,2010,Pune,12986710
1208,4,2,2,0,1986,Bangalore,5881841
4967,1,3,2,2,2015,Chennai,15831717
2445,4,4,3,1,1980,Chennai,9113142
1641,4,4,2,0,1983,Mumbai,9757492
2773,2,1,2,1,2003,Hyderabad,9991598
3776,1,4,2,0,2017,Pune,13553662
2055,2,2,1,0,2010,Chennai,6993759
2490,5,4,3,0,2006,Chennai,9338604
3664,4,2,1,2,1985,Chennai,12302520
1566,4,1,2,0,1994,Kolkata,5222127
1046,4,2,1,2,2001,Chennai,4451390
4404,1,3,2,2,2011,Pune,15545956
1120,3,1,3,2,1989,Bangalore,5375270
1656,1,1,3,0,1994,Bangalore,6722865
2399,2,1,2,2,1989,Mumbai,12022812
4473,3,2,2,0,1992,Chennai,14517457
4946,3,1,1,0,1997,Mumbai,23575901
4979,4,4,1,0,1996,Chennai,16427935
1473,5,2,1,0,1980,Delhi,7570575
1998,2,1,1,2,2002,Bangalore,8057358
4169,5,4,3,1,2002,Kolkata,12966834
2521,5,3,2,0,2002,Bangalore,11050826
2991,1,3,3,2,2011,Chennai,9993272
2045,2,3,1,2,2002,Mumbai,10770025
3284,5,2,2,1,2004,Bangalore,13704167
1394,2,3,2,2,2003,Kolkata,4834030
2758,5,1,2,0,2014,Pune,10568884
1010,1,3,3,0,2005,Delhi,5130814
511,1,4,1,2,1980,Mumbai,3837554
4015,3,1,1,2,2003,Bangalore,15557753
2489,4,4,2,0,2002,Pune,9999897
3229,1,1,1,0,1985,Delhi,13143213
795,4,2,2,0,2003,Mumbai,5515306
4157,5,2,3,0,2011,Bangalore,16841713
4314,5,1,2,1,1996,Delhi,18690174
1328,2,2,2,2,1984,Hyderabad,5464408
611,4,4,3,1,2013,Chennai,3592004
1347,3,1,2,1,2013,Pune,5546351
1089,2,4,1,2,2003,Mumbai,6679443
4543,2,4,3,1,1980,Chennai,15005017
4082,2,1,3,1,2022,Bangalore,15797951
1091,5,2,1,0,2003,Chennai,4687481
3761,2,3,3,2,1989,Hyderabad,13749623
1988,5,3,2,0,1984,Mumbai,11437871
850,2,2,3,2,1991,Kolkata,3315720
2135,4,2,3,2,2019,Mumbai,11839851
1356,1,2,3,0,2002,Chennai,4909225
2485,1,1,3,1,2018,Hyderabad,9000133
3682,4,2,2,1,2014,Pune,13663169
2598,2,1,1,0,2004,Pune,9312407
4520,4,3,2,0,2004,Kolkata,13546162
2227,3,3,1,0,2014,Kolkata,7017304
2738,5,2,3,0,2017,Mumbai,14695565
763,3,2,1,1,1981,Mumbai,4976948
1781,4,4,2,0,2017,Hyderabad,7635387
3095,4,3,1,2,1994,Mumbai,16088195
4513,2,1,3,2,2005,Hyderabad,15893310
1926,5,3,1,0,2012,Hyderabad,8041711
3351,1,3,3,0,1987,Mumbai,16498864
4589,5,4,2,1,2003,Kolkata,14040179
4743,3,1,2,0,2003,Hyderabad,16708002
3717,2,4,3,2,2000,Bangalore,15098416
3321,5,2,2,0,2000,Mumbai,17239359
4406,5,3,3,1,1995,Pune,16519911
3208,3,1,2,1,2016,Bangalore,12791334
2156,1,3,3,2,2018,Chennai,7490189
672,4,1,2,0,2011,Hyderabad,3460872
1907,4,4,2,2,2007,Bangalore,8909701
1448,4,4,2,1,2011,Chennai,6004997
2036,5,1,1,1,2004,Hyderabad,8187967
1899,5,4,2,0,2017,Delhi,9728510
4886,1,4,3,2,2022,Hyderabad,17427386
643,2,2,1,1,1985,Mumbai,4196147
3101,5,1,3,2,2016,Pune,11924386
3929,4,1,2,1,1991,Pune,14292603
3867,4,3,1,0,2009,Delhi,16868642
2432,2,2,1,2,2014,Hyderabad,9005704
2489,3,3,2,1,2021,Hyderabad,9604939
1890,3,4,1,2,1981,Delhi,9208227
1246,2,3,1,2,2000,Mumbai,7133826
2625,4,1,2,2,1989,Chennai,9151740
2029,3,4,1,2,2000,Delhi,9782720
2792,3,3,3,1,2011,Hyderabad,10709092
952,4,1,1,1,1996,Chennai,3978153
4289,3,3,1,2,2018,Mumbai,21209878
1197,1,2,2,2,2013,Delhi,5703698
964,1,3,2,1,1996,Hyderabad,4175357
3052,1,3,3,2,1992,Mumbai,15276907
3103,3,1,2,2,2019,Chennai,10345472
3651,3,2,3,0,2003,Mumbai,18228786
3529,2,4,2,0,1985,Bangalore,14176151
3243,3,2,3,0,1996,Hyderabad,12055562
3632,2,4,3,2,2017,Delhi,15965702
3355,1,1,3,1,1989,Chennai,10771909
1459,4,3,1,0,2010,Kolkata,5141509
1888,5,2,2,1,2004,Mumbai,10833381
774,2,2,3,2,1997,Chennai,3433210
1679,5,3,2,1,2001,Delhi,8741968
3533,3,2,1,0,2013,Delhi,15108670
4697,5,2,3,1,1988,Delhi,20510570
2978,3,2,3,2,2003,Chennai,10226688
4169,2,2,2,1,2017,Bangalore,16133185
3781,2,3,1,2,1989,Kolkata,11119989
1372,4,2,1,0,2003,Pune,5815017
3226,4,2,2,2,1992,Pune,12204685
1148,3,3,3,1,1984,Kolkata,4327539
2635,2,4,1,0,2012,Delhi,11695200
2405,1,3,3,1,2019,Mumbai,12334309
2893,2,3,3,1,1983,Delhi,12883158
3470,4,2,1,0,1995,Pune,12780104
755,4,4,2,2,1985,Kolkata,3594524
3056,2,1,2,2,1997,Bangalore,12022823
4444,3,4,3,0,1985,Pune,16315494
1529,1,2,1,2,2017,Kolkata,4795546
4705,5,4,3,2,1988,Pune,17678449
2955,3,3,2,1,2003,Delhi,13215496
1940,4,4,3,0,1981,Delhi,9803245
2094,5,1,1,1,1994,Chennai,7588838
4479,2,3,1,1,1995,Delhi,18792610
1068,5,2,2,0,1982,Pune,5222474
2122,5,4,3,2,2007,Hyderabad,9228909
3348,5,1,1,1,1983,Kolkata,10221961
601,1,2,1,0,1984,Hyderabad,2693177
2318,2,4,2,1,2007,Delhi,10650875
1317,3,4,3,0,2007,Delhi,7117419
1001,3,4,1,0,1985,Chennai,4341477
2045,4,2,1,0,2010,Mumbai,11015248
2852,3,3,2,0,1987,Chennai,9804326
1589,4,1,3,2,1994,Kolkata,5484669
1644,5,3,2,2,1993,Kolkata,5979628
786,4,1,1,1,1988,Kolkata,3116753
4637,5,1,3,2,2013,Kolkata,13948347
3771,4,1,2,2,2005,Delhi,16337686
4308,3,2,2,1,2002,Hyderabad,15472536
2951,1,4,3,1,1985,Hyderabad,11021175
3835,4,3,2,2,1998,Mumbai,19564587
854,1,1,1,1,2022,Kolkata,2726147
4299,2,1,1,1,1986,Mumbai,20400831
2988,2,1,3,0,1983,Kolkata,8833773
4740,5,4,3,2,1980,Pune,17864729
1821,3,4,1,2,1999,Hyderabad,7541852
4719,5,2,1,1,1992,Pune,17140979
2584,4,4,2,1,1997,Pune,10342799
2687,2,3,2,1,1996,Bangalore,10950921
3061,5,2,3,2,2012,Hyderabad,11975645
3743,5,1,2,1,2002,Kolkata,11373534
2505,1,2,1,2,1983,Mumbai,12288450
4822,3,4,1,0,2017,Pune,17384348
1959,2,3,1,0,1989,Kolkata,6114624
2559,5,2,3,2,2005,Bangalore,11244515
4133,3,2,1,1,2007,Kolkata,12135781
526,5,1,3,0,1986,Bangalore,3624550
2400,1,2,3,0,2003,Pune,8821978
2014,1,2,1,2,2018,Kolkata,6058484
3320,2,4,3,0,2003,Delhi,14591868
1343,5,4,2,1,2009,Mumbai,8867608
1797,4,1,1,2,2013,Mumbai,9782737
1129,3,2,1,2,1981,Hyderabad,4922907
3400,1,4,1,2,2019,Delhi,14573458
1013,3,4,1,1,2011,Bangalore,5306551
4027,4,1,3,2,1993,Chennai,13425830
3055,3,2,3,0,1995,Kolkata,9353974
2839,4,3,1,0,1988,Kolkata,8900341
1680,4,3,2,2,2014,Hyderabad,7250571
771,5,3,3,2,2014,Hyderabad,4572614
1688,4,4,2,2,1988,Pune,7442737
3444,1,1,3,2,2016,Kolkata,9993374
760,2,3,3,2,1980,Pune,3897524
4954,1,3,3,0,2004,Delhi,20565276
4674,2,4,3,2,1994,Bangalore,18457265
2763,5,3,2,0,2014,Pune,10981991
925,2,2,3,0,1997,Pune,4149366
3379,5,2,2,0,1994,Kolkata,10472330
3786,4,2,3,2,2018,Mumbai,19266971
765,4,2,3,0,1997,Mumbai,5548418
2584,4,1,3,1,2002,Bangalore,10863360
3858,4,3,3,1,1995,Hyderabad,14458660
3073,4,3,3,2,2006,Chennai,10853206
2403,4,3,2,0,2000,Bangalore,10425985
3267,5,4,2,0,1988,Hyderabad,12783842
673,5,2,3,0,1988,Mumbai,5447398
1903,3,4,1,1,1989,Delhi,9188596
1214,3,1,3,2,2010,Bangalore,5718470
4919,5,1,1,1,1983,Pune,17644470
4988,1,4,2,0,2016,Hyderabad,17557893
3717,5,1,2,1,2010,Kolkata,11295721
4190,5,3,2,0,2000,Delhi,18454975
3724,5,3,2,2,2021,Mumbai,19367292
2104,3,1,3,0,2019,Delhi,9602508
580,2,3,3,1,1991,Pune,3241411
1819,4,1,2,2,2022,Mumbai,10087308
4187,1,4,2,1,1982,Delhi,17688063
3282,5,2,3,1,2017,Bangalore,13805915
1046,2,3,2,2,1986,Chennai,4275676
2449,1,4,2,2,2005,Mumbai,12673874
4085,5,4,2,1,1989,Kolkata,12696004
4811,2,2,1,1,1991,Chennai,15258612
4492,1,4,1,2,1993,Pune,15905811
3764,1,1,3,0,1993,Hyderabad,13174448
4206,3,2,2,2,1984,Chennai,13860727
4517,2,2,3,1,2010,Chennai,14556971
1543,3,3,2,1,2018,Mumbai,8916281
1755,1,4,1,2,1995,Bangalore,7515167
2411,5,3,3,1,2009,Delhi,11739008
2187,3,3,2,0,2020,Delhi,10154876
2613,1,4,2,2,1992,Delhi,11660710
2849,5,1,1,1,2016,Chennai,9891223
772,5,2,3,2,2000,Mumbai,5979049
1368,1,1,3,2,2006,Kolkata,4340333
4929,1,2,3,0,2005,Hyderabad,17159545
3243,4,3,1,1,1996,Kolkata,9973598
2806,1,2,1,2,1986,Bangalore,10951802
2309,3,3,1,2,2015,Pune,9010291
4588,2,1,3,2,1981,Pune,16192628
2946,1,1,3,1,2022,Hyderabad,10466594
4482,4,3,1,0,1989,Pune,16281370
1161,5,2,3,0,2006,Chennai,5059825
4958,4,3,3,0,1996,Delhi,21399563
1356,4,4,3,0,1999,Kolkata,5225544
4512,5,4,1,2,1982,Hyderabad,16841568
4559,4,2,3,1,2006,Pune,16624597
2788,4,1,1,1,2009,Bangalore,11403913
3078,2,1,2,1,1991,Bangalore,12003366
1025,4,4,3,2,1993,Chennai,4921948
624,1,4,2,2,2006,Hyderabad,3296072
2392,1,1,2,0,2001,Bangalore,9289616
2358,5,1,3,2,2015,Bangalore,10381579
3150,5,1,2,0,1989,Delhi,14038743
2508,4,3,1,2,2016,Bangalore,10816009
2243,4,2,1,2,1980,Hyderabad,8868467
4114,1,4,2,0,1987,Chennai,13315751
763,5,1,1,1,2006,Chennai,3581782
2019,1,4,1,2,1988,Bangalore,8462785
1244,4,4,1,0,2017,Mumbai,7834457
3744,5,2,3,2,1980,Chennai,12929954
848,2,4,2,0,2001,Delhi,4913781
3172,4,3,3,0,1983,Bangalore,13293246
774,5,3,2,0,2021,Pune,4399997
2299,5,4,2,0,1996,Chennai,8729683
4053,3,3,3,0,2009,Delhi,17517308
2790,2,1,2,0,1981,Hyderabad,10019083
1725,2,1,2,0,1996,Pune,6562047
4873,5,4,3,1,2014,Bangalore,19894215
2651,3,2,1,1,1998,Bangalore,10799392
2729,1,2,2,1,1982,Chennai,8918818
3546,1,2,1,2,2003,Pune,12499154
2955,4,4,1,2,1998,Mumbai,15674635
2381,2,3,3,0,1996,Pune,9144667
4214,3,4,3,2,1985,Pune,15656235
847,1,1,1,1,1997,Delhi,3932540
3983,4,3,3,2,2000,Delhi,17724319
1018,2,1,2,2,1984,Chennai,3927101
1527,4,2,3,1,2008,Pune,6591937
3826,2,4,1,1,1996,Delhi,16412060
1148,2,4,3,1,2022,Kolkata,4363346
1578,2,4,1,1,1992,Hyderabad,6478746
871,1,1,2,0,2000,Kolkata,2857760
1345,1,3,3,0,2011,Mumbai,7443148
2790,4,3,3,2,1999,Chennai,10053843
3679,2,1,1,1,2007,Kolkata,10584638
4703,4,4,3,1,2003,Mumbai,23801865
3894,3,1,3,0,2015,Pune,14036481
3164,5,3,3,2,1990,Chennai,11327617
2272,4,1,3,2,1987,Delhi,10641045
2604,2,3,2,1,2006,Pune,9805934
4587,1,1,1,0,2022,Delhi,18477977
4785,1,4,2,0,1984,Kolkata,13776701
4934,5,4,1,1,2009,Kolkata,14939968
4054,3,3,1,2,1995,Mumbai,20158277
3755,1,1,3,1,1990,Pune,13197002
1009,2,2,1,2,1982,Delhi,5062549
2153,1,1,3,2,2016,Chennai,7231964
3006,2,3,3,2,1988,Pune,11271242
977,3,2,3,1,2020,Mumbai,6256277
2021,3,2,2,2,1990,Kolkata,6515940
2589,1,1,3,1,2007,Bangalore,10205953
993,5,4,2,0,1987,Chennai,4812105
2418,3,1,2,0,1983,Delhi,10696619
3871,1,4,3,1,1984,Pune,14023807
1648,2,4,1,1,2012,Mumbai,9157096
2256,3,4,3,1,2011,Bangalore,9961129
2463,1,4,1,2,1986,Mumbai,12573296
1408,5,4,3,1,2005,Bangalore,7389296
2030,2,4,2,0,2015,Kolkata,6550502
3160,1,1,3,2,1997,Chennai,10186717
1150,3,2,3,0,2013,Kolkata,4170112
1320,3,4,1,0,1986,Pune,5768260
969,4,3,2,1,1980,Bangalore,5257206
4687,1,4,2,2,2017,Bangalore,18232420
1337,3,1,3,1,2011,Pune,5620074
937,3,2,3,0,1999,Pune,4377497
736,2,1,1,0,1999,Kolkata,2575178
4591,1,4,1,2,1984,Chennai,14815053
3645,1,2,2,2,2018,Delhi,15298368
2348,4,2,3,0,2004,Delhi,10989186
3872,4,2,3,1,1981,Hyderabad,14342150
1250,5,3,3,0,2016,Kolkata,4958993
1325,3,2,3,2,2002,Delhi,6905868
2607,2,3,2,1,2013,Hyderabad,9825036
4554,5,4,1,2,1997,Delhi,20094402
900,4,4,2,1,2007,Bangalore,5224678
1535,5,1,2,2,1989,Delhi,7912412
3679,5,1,3,0,1999,Bangalore,14996855
4903,3,1,3,2,2008,Hyderabad,17488393
4990,5,2,2,1,2022,Mumbai,24775600
2451,5,4,3,0,1982,Pune,10154545
3964,5,4,2,0,2007,Mumbai,20577239
4115,1,1,3,0,2018,Pune,14299884
1209,5,4,2,2,2020,Chennai,5500273
895,5,1,2,0,1984,Pune,4472264
826,2,1,1,0,2013,Pune,3412619
1471,4,2,2,0,1986,Bangalore,6807084
2527,4,2,1,0,1997,Mumbai,13205298
1762,3,2,2,0,2010,Pune,7008883
4263,2,2,2,1,1982,Mumbai,20644691
1480,2,1,3,2,1980,Kolkata,4891852
3538,1,3,3,2,1999,Chennai,11642551
924,5,1,3,2,1983,Chennai,4292893
970,2,1,2,1,1995,Bangalore,4449531
3521,3,3,2,0,2016,Chennai,11793086
2780,1,3,1,1,2011,Chennai,9183064
4829,1,1,3,1,1984,Kolkata,13631051
4764,3,2,2,0,2002,Kolkata,13813541
3668,4,4,3,0,1987,Delhi,16541851
4937,3,3,1,2,1998,Mumbai,24092183
2721,3,1,2,2,1997,Kolkata,8281024
1932,2,4,2,2,1995,Pune,7831380
1792,5,3,3,0,2006,Hyderabad,7851200
4131,3,1,2,0,2019,Bangalore,16034493
1445,1,4,2,0,1986,Bangalore,6359566
2757,5,4,2,1,2007,Bangalore,12184199
2662,4,1,3,1,1986,Mumbai,13946989
1610,4,3,3,2,2022,Mumbai,9721536
2425,1,3,1,1,2001,Delhi,10533561
4251,1,1,3,1,2007,Delhi,17439918
1979,3,3,1,2,2002,Hyderabad,7862339
624,5,4,1,0,2019,Delhi,4687672
3621,5,1,2,0,2007,Pune,13458272
3543,2,3,1,0,2007,Delhi,15067723
3875,3,2,2,1,1997,Chennai,12770279
2109,1,1,3,2,2010,Bangalore,8503726
4453,4,1,1,0,1983,Chennai,14449105
3060,3,1,1,2,1989,Mumbai,15146034
1944,1,4,1,1,2005,Chennai,6747138
794,4,1,3,1,2021,Pune,4046777
2637,3,4,2,2,1996,Mumbai,14077596
4014,5,2,1,0,1985,Chennai,13412597
3743,1,3,3,0,2021,Kolkata,10965657
3599,2,4,3,2,2003,Kolkata,10984007
4999,4,2,3,1,2009,Chennai,16489794
1792,2,2,3,2,1982,Delhi,8463921
3617,4,2,3,1,2012,Pune,13518348
3068,1,3,2,1,2014,Mumbai,15108601
3388,1,2,3,0,2014,Hyderabad,12083809
4525,3,4,1,0,2003,Kolkata,13342966
2212,3,1,3,2,2002,Mumbai,11650613
3846,2,2,1,2,2022,Hyderabad,13652058
1057,5,3,1,1,2018,Pune,5259036
2994,4,3,3,2,1988,Mumbai,15917614
2118,4,4,3,1,1981,Hyderabad,8946843
1070,4,4,3,2,1992,Kolkata,4531272
4243,2,3,3,2,1999,Hyderabad,15402189
1370,2,3,3,1,1993,Kolkata,4783608
2212,2,1,2,0,2010,Bangalore,8828201
2576,5,2,1,1,2021,Kolkata,8257652
1006,4,4,3,1,1985,Hyderabad,5211089
2420,3,2,3,2,1991,Hyderabad,9410209
3700,2,3,3,0,2020,Kolkata,11073480
3414,4,3,2,0,2002,Hyderabad,12897787
717,4,3,3,2,1991,Pune,4152349
1103,5,1,3,2,2005,Kolkata,4341461
918,5,3,3,1,2007,Chennai,4578274
1870,3,1,2,1,2007,Chennai,6620432
4867,2,2,2,1,1980,Chennai,15569508
782,2,4,1,2,2000,Mumbai,5336095
2778,2,2,1,2,1982,Bangalore,11057425
536,2,3,2,0,2012,Kolkata,2437710
1373,4,3,1,1,1981,Mumbai,8272815
2984,5,4,1,2,2022,Pune,11851146
943,4,3,3,2,2016,Chennai,4524448
4456,2,3,1,1,2014,Kolkata,12923700
3957,4,4,3,2,1989,Bangalore,16392650
1839,3,3,3,2,2004,Delhi,9032209
1904,1,4,1,1,2006,Pune,7316113
2365,4,3,2,2,1983,Mumbai,13012626
4186,4,3,3,2,1980,Kolkata,12772600
3671,1,4,1,1,2001,Chennai,11935960
1877,2,2,2,0,2005,Bangalore,7817441
2378,2,1,3,2,2000,Delhi,10462191
3484,3,4,3,2,2002,Pune,13260185
1291,5,3,2,2,2008,Mumbai,8398767
4729,3,3,3,0,1983,Kolkata,13963446
4637,4,1,1,0,1985,Kolkata,13482141
1204,4,2,3,1,1981,Kolkata,4601558
2251,4,1,1,2,1989,Bangalore,9512137
864,3,3,2,0,2010,Pune,4177242
4693,1,1,3,2,1987,Delhi,19316109
4638,3,1,3,1,1990,Mumbai,22559677
950,1,1,1,0,2015,Hyderabad,3612395
2597,5,2,1,2,1991,Chennai,9337114
4406,2,4,1,2,2008,Pune,15897452
3497,2,4,1,1,1993,Mumbai,17448148
651,3,4,3,0,1995,Delhi,4498800
3125,5,2,2,1,2017,Pune,12062541
2693,3,1,1,2,1985,Hyderabad,9950579
2501,4,3,2,0,2004,Kolkata,8021025
3400,2,3,3,0,2011,Chennai,11356206
1770,2,3,3,0,2005,Mumbai,9706108
1239,2,3,3,0,1998,Bangalore,5882105
3169,2,1,1,1,1998,Bangalore,12208272
1061,3,1,1,2,2006,Hyderabad,4500294
1329,2,1,1,0,2002,Chennai,4633190
4350,5,3,2,1,1982,Kolkata,13294092
4201,4,2,1,0,2019,Hyderabad,15149887
510,2,2,2,1,2021,Kolkata,2252445
3455,3,3,2,1,1996,Chennai,11649316
4829,2,4,1,0,2019,Hyderabad,17145214
2756,3,1,3,1,1980,Pune,10339908
3388,2,2,3,1,1980,Hyderabad,12375486
3156,3,3,3,0,1996,Kolkata,9755227
697,3,2,1,0,1991,Chennai,3101816
4580,5,3,1,2,2018,Bangalore,18424302
3300,2,3,2,1,2009,Hyderabad,12112330
1657,1,4,3,1,2004,Kolkata,5540830
2891,1,1,1,1,2011,Bangalore,11022873
1095,4,4,3,1,2014,Kolkata,4543933
1924,5,4,1,1,1986,Hyderabad,8280230
4903,5,1,1,0,2003,Pune,17580647
2741,3,4,2,0,1988,Chennai,9631484
764,2,3,3,2,1990,Mumbai,5292651
2238,1,1,2,1,1984,Chennai,7324251
4184,3,2,3,0,2005,Delhi,17848798
2074,5,2,1,0,2001,Bangalore,9099706
4996,5,1,2,1,2022,Mumbai,24542231
607,2,3,1,2,1988,Bangalore,3422508
4605,1,3,1,1,2011,Pune,16108290
2442,5,3,1,0,1981,Pune,9738849
2446,5,3,3,0,1988,Pune,9984771
3951,2,4,3,0,2000,Pune,14430917
4634,1,1,2,1,1986,Hyderabad,15996256
2896,5,2,3,2,1998,Chennai,10359630
3835,4,4,1,0,2012,Bangalore,15610961
1290,3,1,1,0,1989,Hyderabad,5175286
1127,5,4,2,0,2008,Pune,5739810
4732,4,2,2,0,2000,Bangalore,18622779
3975,4,1,3,0,1991,Chennai,13207900
1791,5,1,3,2,2014,Pune,7627334
2857,3,2,1,0,1989,Bangalore,11516614
664,2,3,1,1,2013,Kolkata,2652334
2620,5,1,1,1,1983,Pune,10044825
4184,2,3,1,1,1989,Mumbai,20374673
1582,3,3,1,2,1992,Mumbai,8950514
2837,5,1,3,0,2000,Chennai,9963583
3166,1,2,3,2,1985,Pune,11483330
4244,2,4,3,0,1988,Chennai,14005490
3096,4,2,3,0,1993,Hyderabad,11711181
4138,4,3,1,1,1985,Chennai,13850612
1692,1,2,2,1,1996,Mumbai,8778564
2010,3,3,3,2,2006,Kolkata,6753593
2331,1,2,3,2,1980,Pune,8634519
2225,5,4,2,2,2015,Chennai,8554811
4251,3,3,3,0,2004,Mumbai,21119846
4362,1,1,1,2,1984,Bangalore,16373626
1375,5,1,2,1,2010,Chennai,5494474
3846,1,4,3,1,1991,Bangalore,15205790
2555,3,1,1,0,1981,Chennai,8480686
3578,2,3,1,2,2009,Chennai,11785809
3164,5,1,1,2,1991,Kolkata,9771647
2898,2,1,1,1,1999,Delhi,12211508
1731,3,4,2,0,2006,Bangalore,7955912
806,3,3,2,2,2011,Chennai,3741789
2862,2,3,1,2,2010,Kolkata,8672005
3560,4,4,1,0,2019,Delhi,15790918
1626,5,1,2,1,1986,Bangalore,7497018
2552,2,1,3,2,1981,Delhi,11225920
3117,5,4,3,1,2018,Delhi,14678309
992,3,1,2,2,2000,Mumbai,6063618
925,3,4,2,1,2006,Pune,4624386
2232,3,2,1,0,2015,Delhi,10054591
1166,1,2,3,2,1996,Pune,4832302
1381,2,1,2,2,2019,Kolkata,4528823
1150,4,3,2,2,2011,Mumbai,7479652
1991,2,2,1,0,2008,Delhi,8766593
1790,1,4,3,1,1988,Mumbai,9766974
2658,5,1,3,2,1980,Chennai,9538282
2264,1,2,3,1,1986,Pune,8441916
719,2,4,3,1,2015,Kolkata,3199950
1281,1,3,1,2,1999,Hyderabad,5119597
2457,1,2,3,2,2015,Pune,9106480
1096,4,1,1,0,1991,Mumbai,6520677
4087,1,3,2,2,2000,Pune,14575520
2375,2,3,1,0,2015,Hyderabad,8931579
3870,5,4,1,0,1999,Kolkata,11996021
2606,5,1,1,0,1988,Mumbai,13570151
637,5,3,2,2,2004,Chennai,3621749
2091,1,4,1,1,2022,Kolkata,6457541
4035,2,4,3,1,1996,Bangalore,16121229
741,2,2,1,2,1994,Mumbai,4722578
653,3,1,2,2,2010,Delhi,3911633
2258,1,1,1,1,2009,Mumbai,10865735
3927,2,2,3,0,1993,Mumbai,19149169
4703,2,4,1,1,2000,Pune,16823591
2445,1,1,3,1,2011,Delhi,10421989
1105,4,4,3,2,2003,Bangalore,6147600
4204,5,3,3,0,2013,Bangalore,17270032
2950,5,4,3,0,2018,Bangalore,12919104
1553,5,1,1,0,2000,Chennai,5951206
2508,4,3,1,2,1992,Pune,9830473
4340,5,1,3,0,2007,Chennai,14446363
4642,5,4,1,2,2004,Pune,17303867
4063,5,4,1,0,2017,Chennai,13933124
2686,1,1,1,0,2011,Kolkata,7682840
3066,2,2,2,2,1987,Hyderabad,11204957
3890,4,2,1,0,2008,Hyderabad,14133483
4594,3,2,1,2,2019,Delhi,19388261
1832,5,4,3,1,1986,Delhi,9720243
2808,2,2,2,2,2018,Pune,10359998
1389,4,4,1,2,1995,Mumbai,8686191
3122,4,1,2,2,2017,Mumbai,15949470
805,4,3,3,1,1982,Kolkata,3585756
3979,3,2,1,0,2013,Hyderabad,14278485
3653,1,4,1,2,1995,Pune,13202946
1390,3,4,3,1,2022,Pune,6267166
3693,2,1,2,0,2016,Mumbai,17704019
922,3,2,2,1,1991,Delhi,5075632
1958,3,4,3,1,1984,Mumbai,11111676
3735,3,1,3,1,2014,Delhi,15998133
3969,5,3,3,1,1985,Chennai,13657597
2540,4,1,3,1,2016,Chennai,8947930
4089,5,1,2,2,2005,Mumbai,20620809
4636,5,3,3,1,1996,Pune,17317798
2156,3,4,3,1,2000,Bangalore,9611434
1927,2,2,3,0,2018,Delhi,8833954
2624,5,1,1,1,2006,Mumbai,13800754
1497,2,2,3,1,1986,Delhi,7155771
4964,5,3,3,2,2011,Mumbai,25085007
3145,5,1,1,0,2007,Chennai,10670139
3767,1,1,1,1,1988,Mumbai,17723739
1884,2,2,3,2,1980,Mumbai,10132535
2861,5,4,3,0,1997,Delhi,13593840
3720,5,2,3,0,1997,Pune,13996200
2634,4,1,1,2,1993,Pune,9946818
1766,4,3,1,1,2014,Kolkata,6023445
1787,1,3,1,1,1991,Chennai,6206181
1454,5,4,2,1,1999,Kolkata,5603159
4930,1,1,1,1,2016,Pune,16861186
2160,5,4,1,1,1984,Mumbai,12317839
4543,5,3,2,1,2010,Hyderabad,16830804
3126,4,4,2,2,1987,Kolkata,9926143
2185,3,1,2,1,1985,Bangalore,9020676
1732,2,3,3,1,2020,Pune,7073648
2851,5,2,1,2,2006,Hyderabad,11041163
3035,4,2,3,2,2009,Bangalore,12749276
3721,5,4,2,1,1991,Chennai,13060303
3863,3,2,1,0,2008,Mumbai,18842748
3665,4,1,1,0,1992,Pune,13260637
3682,4,4,2,1,2016,Mumbai,19033162
3791,5,1,3,0,2012,Hyderabad,14091300
4543,5,4,2,2,1982,Kolkata,13956478
4903,5,3,3,1,2015,Chennai,16556613
2208,3,2,3,0,1986,Hyderabad,8645542
4606,5,2,2,0,1997,Pune,16853668
3790,4,2,1,2,2013,Chennai,12676621
800,5,3,2,2,2020,Kolkata,3739411
1208,1,1,3,0,1984,Mumbai,6374418
3613,1,3,1,1,2003,Hyderabad,12844049
1515,1,4,3,0,2018,Delhi,7296309
2512,1,3,3,0,1997,Chennai,8472709
2598,4,4,2,0,1996,Bangalore,11284286
1285,3,1,3,0,1998,Kolkata,4430079
4034,4,1,1,2,2020,Bangalore,15908128
4548,4,1,3,1,2000,Mumbai,22428514
4800,1,1,1,2,1993,Chennai,14952330
831,4,3,2,2,2004,Chennai,4071397
2737,3,1,3,0,2010,Pune,10210042
4458,4,2,2,2,1995,Pune,16210126
4488,2,1,1,2,1982,Bangalore,17035232
3822,2,1,3,2,1983,Kolkata,11221619
1150,3,3,2,1,2007,Bangalore,5736593
2021,5,4,2,1,2003,Hyderabad,8721056
2196,1,2,3,1,1984,Kolkata,6717376
3925,1,2,2,0,1989,Hyderabad,13704156
3462,5,1,1,1,1991,Delhi,15173005
1081,1,1,1,2,2015,Mumbai,5717880
4641,2,2,2,1,2022,Mumbai,22323702
3244,5,1,1,2,1999,Pune,12160993
1587,2,2,2,0,1987,Chennai,5710731
3309,3,1,2,1,1985,Chennai,10897352
3724,2,1,3,1,1983,Pune,13248701
3779,4,3,1,2,1993,Hyderabad,14028227
916,2,4,2,2,1986,Delhi,5311932
2363,4,2,2,2,1990,Kolkata,7615991
3834,4,4,3,1,1985,Mumbai,19869668
4989,3,1,3,1,2013,Kolkata,14442855
794,3,4,2,0,2000,Hyderabad,4133899
3965,4,4,2,1,2020,Pune,14891360
4392,3,3,2,1,1995,Delhi,18809157
2286,4,1,1,1,2013,Mumbai,11951450
4489,5,1,3,2,1986,Pune,16470861
4836,3,3,1,1,2021,Pune,17231126
4604,2,4,2,1,2004,Pune,16526987
1360,3,4,2,1,2004,Chennai,5506283
4778,2,2,2,1,1982,Hyderabad,16806995
3469,3,2,1,1,2020,Delhi,14918310
3372,2,4,3,1,2005,Delhi,14927951
1083,2,2,1,1,2002,Bangalore,4914059
826,5,4,3,1,2018,Pune,4890765
4386,2,3,1,0,2020,Chennai,14059835
3433,3,2,2,2,1985,Kolkata,10306092
4600,2,2,1,1,1982,Chennai,14625907
4382,2,4,2,1,1984,Chennai,14412417
1041,1,1,2,0,1996,Delhi,4776386
4337,4,1,1,0,2013,Pune,15421255
4536,4,1,2,1,2020,Mumbai,22180225
2936,3,2,1,0,1982,Chennai,9791464
968,4,2,2,1,2017,Delhi,5528890
2553,3,2,2,2,1993,Kolkata,7949226
1634,1,3,1,0,2001,Chennai,5636881
1896,3,4,1,2,1999,Kolkata,6382193
3768,1,2,3,1,1999,Kolkata,10933458
2605,5,4,2,0,1987,Mumbai,14442498
2340,3,1,1,0,2001,Kolkata,7054271
2345,3,1,1,2,1984,Hyderabad,8741793
594,3,3,3,1,2012,Hyderabad,3543301
4305,1,4,1,1,2018,Bangalore,16623673
3073,3,3,2,1,2007,Bangalore,12657976
4789,1,1,3,2,2000,Bangalore,18100106
1515,5,2,3,2,2022,Bangalore,7465412
3689,3,2,2,2,1996,Mumbai,18448922
4080,4,4,3,1,2019,Kolkata,12623507
1643,3,1,3,0,2014,Pune,6549431
3798,1,2,3,1,1999,Chennai,12245978
4715,1,4,2,1,2010,Hyderabad,16744123
661,3,1,2,1,1980,Delhi,3841155
3304,5,4,3,0,1988,Kolkata,10585118
1520,4,3,1,2,2021,Mumbai,9021880
646,1,2,2,1,2008,Pune,2958385
1026,2,1,1,2,1985,Kolkata,3484301
3465,3,3,1,0,2010,Pune,12730725
4978,1,4,1,1,1990,Mumbai,23777415
1750,3,4,2,2,1990,Kolkata,6109751
4338,5,2,2,2,2012,Hyderabad,16095685
3649,2,1,1,0,2011,Hyderabad,12790838
840,1,4,2,2,2008,Delhi,4658088
4061,4,3,3,1,1982,Delhi,17958891
2609,4,3,2,2,1984,Mumbai,14062511
2340,5,4,2,1,2011,Hyderabad,9776756
3011,5,2,2,1,1984,Bangalore,12715956
3855,3,1,1,0,2003,Chennai,12381776
4282,3,1,2,0,1980,Bangalore,16571385
4342,2,2,3,0,2003,Pune,15449144
3358,1,1,1,2,2009,Hyderabad,11677694
2793,2,1,1,1,1993,Delhi,11824016
1714,3,1,3,2,1980,Kolkata,5624328
1146,3,4,1,0,2000,Kolkata,4246665
1742,2,4,3,1,1985,Pune,7237211
918,3,4,3,2,1989,Kolkata,3876643
3922,5,1,3,2,2017,Delhi,17332115
1515,2,3,2,0,2020,Hyderabad,6201564
1836,2,2,2,0,1996,Hyderabad,7098111
3668,4,1,1,0,2004,Mumbai,18054617
4566,5,3,3,1,1982,Bangalore,18574186
3923,2,4,3,1,1987,Kolkata,11806738
3187,5,4,1,2,2011,Hyderabad,12469519
2323,4,3,1,1,2019,Delhi,10929270
3314,5,2,1,0,1991,Delhi,14761121
2605,4,2,1,1,2019,Delhi,11795489
3539,3,3,1,1,1984,Chennai,11836057
4236,4,4,2,2,1996,Chennai,14394904
870,1,2,2,2,2003,Hyderabad,3759590
3422,2,4,1,0,1992,Bangalore,13619400
2116,2,1,1,1,2006,Hyderabad,7795502
1790,3,3,1,2,1995,Mumbai,9953508
1069,3,4,2,0,1986,Pune,5111743
4961,3,1,1,2,1996,Bangalore,18955617
1975,2,4,3,0,2011,Mumbai,10848942
1853,3,4,2,1,2006,Bangalore,8424495
4957,2,3,1,1,2010,Chennai,15852820
3804,5,1,1,2,2017,Chennai,12724021
3115,4,1,2,0,2006,Mumbai,15736291
877,3,3,3,0,2012,Bangalore,4758756
506,2,4,1,0,2008,Pune,2882118
3500,1,4,2,0,1998,Bangalore,13841346
1556,2,2,1,0,2015,Mumbai,8221435
1651,2,3,1,0,1996,Chennai,5894105
3772,2,2,2,1,1987,Pune,13495697
897,3,4,1,1,1992,Pune,4460961
2432,5,4,1,2,1989,Mumbai,13605554
3971,3,4,1,0,2004,Bangalore,15855994
1131,4,1,2,0,1988,Kolkata,4059984
516,2,3,3,1,2018,Pune,3053579
4300,4,4,1,0,1997,Bangalore,17323325
949,5,4,3,2,2010,Hyderabad,5320168
3996,2,1,3,2,1991,Kolkata,11651467
4238,5,3,3,0,1992,Bangalore,17307913
949,1,1,3,1,1982,Bangalore,4220895
579,1,2,3,2,2002,Pune,2918600
3583,2,1,2,0,1983,Hyderabad,12654263
3564,1,4,2,2,2004,Kolkata,10634701
3355,1,3,2,2,1992,Mumbai,16476821
3699,4,1,2,2,1997,Kolkata,11077572
3941,1,4,3,0,1996,Delhi,16751218
3915,2,3,3,1,2020,Hyderabad,14233233
4819,5,2,1,0,2012,Bangalore,19057317
2082,5,1,2,0,2022,Kolkata,6801738
2590,5,1,3,1,1985,Mumbai,13940074
2443,5,4,3,2,2009,Hyderabad,10306578
3640,4,1,3,1,1995,Kolkata,11033470
3639,5,1,1,1,2010,Delhi,15908879
2745,3,1,1,1,2014,Pune,10021132
4836,4,1,3,2,1995,Mumbai,23836191
1844,2,3,3,1,2002,Delhi,8713502
3919,5,1,2,0,1990,Kolkata,11781944
1670,4,4,3,1,1985,Mumbai,10152799
1042,2,3,2,2,1992,Pune,4737338
4180,2,1,1,2,1981,Kolkata,11983316
4334,4,3,1,1,2000,Pune,15840686
3604,3,1,2,0,1981,Delhi,15253645
509,1,4,2,1,1989,Bangalore,3134177
2140,2,1,1,0,2008,Hyderabad,7778504
3176,3,2,1,0,2022,Pune,11579335
602,1,4,3,1,2012,Hyderabad,3221502
3815,4,3,1,1,1997,Hyderabad,14165637
949,4,3,1,2,2019,Chennai,4317989
4792,5,2,3,1,1990,Pune,17663959
3115,1,1,2,2,2009,Delhi,13000791
2878,3,1,3,2,2017,Hyderabad,10811100
2824,4,3,1,0,1989,Chennai,9859710
4205,3,4,2,1,2018,Bangalore,16839984
1861,5,2,2,2,1982,Mumbai,10788711
3586,4,2,1,0,2013,Chennai,11975880
3330,4,2,2,0,1997,Chennai,11301389
2053,2,3,2,1,1983,Mumbai,10919625
2745,5,2,2,0,2015,Bangalore,11675053
2388,5,2,1,0,1980,Bangalore,10278900
2684,4,3,3,0,2011,Kolkata,8631276
3194,2,3,2,2,2001,Chennai,10758126
2206,4,2,3,1,1989,Delhi,10478306
2344,5,2,2,0,2011,Pune,9412966
1624,3,4,1,2,1995,Mumbai,9369834
1828,2,4,2,0,1986,Hyderabad,7363526
1153,2,1,3,0,2022,Pune,4715082
4422,2,2,2,0,2009,Chennai,14129659
4474,5,2,2,0,1994,Chennai,14918932
3301,3,3,2,1,2014,Bangalore,13404684
3111,4,2,1,0,1980,Mumbai,15772184
1545,5,3,3,2,2003,Pune,7176837
1291,5,3,1,0,1982,Bangalore,6512073
2509,1,4,2,2,1995,Mumbai,12961041
2948,3,4,2,0,2013,Pune,11277980
3309,5,2,2,0,1982,Bangalore,13750086
4866,4,4,3,1,1996,Hyderabad,17950252
2948,2,3,3,2,2022,Kolkata,9134529
1150,3,1,3,2,1991,Hyderabad,5108092
4946,3,3,1,1,2008,Hyderabad,17634768
4371,3,2,1,2,2013,Bangalore,17007368
3503,1,4,1,2,2000,Pune,12683588
4021,3,4,3,0,2009,Chennai,13569683
2908,1,3,1,1,1983,Kolkata,8554066
1851,1,3,3,2,2021,Kolkata,5990599
2726,3,1,3,1,2007,Hyderabad,10215143
3468,2,3,3,0,2003,Delhi,14980922
3678,5,4,1,2,1992,Kolkata,11564568
3729,1,4,2,0,1998,Hyderabad,13455593
834,4,3,3,1,1990,Pune,4550702
4959,5,3,3,1,1994,Mumbai,24998362
3688,4,1,2,1,2000,Mumbai,18418004
1638,3,1,3,0,1990,Bangalore,7200925
3334,2,3,2,0,1991,Delhi,14347637
2372,1,4,3,1,2014,Delhi,10727880
3902,2,4,2,2,1999,Bangalore,15629192
1614,1,2,1,0,1980,Hyderabad,5941740
2508,5,4,2,2,1999,Hyderabad,10332864
1944,5,2,1,2,2015,Bangalore,8840272
2383,3,4,1,2,2016,Bangalore,10273798
2123,3,3,3,2,1990,Delhi,10171205
3057,4,1,1,0,1981,Delhi,13256302
1838,4,3,1,2,1989,Kolkata,6230254
1523,3,4,1,2,1982,Hyderabad,6595313
1497,4,1,2,0,1995,Bangalore,6775588
4706,4,2,1,2,1982,Delhi,20028211
3505,5,1,2,1,1992,Hyderabad,13154452
1489,2,4,1,1,2014,Delhi,7294229
4762,1,2,1,0,1984,Bangalore,17815891
4553,1,2,3,2,1986,Pune,16017002
2479,5,1,1,1,2000,Mumbai,13101122
2638,1,2,2,1,2018,Hyderabad,9499172
4893,5,1,3,1,2014,Chennai,16184173
4581,2,3,1,0,1994,Bangalore,17584653
3113,1,3,1,2,2021,Mumbai,15280368
2190,5,3,2,2,2016,Bangalore,10017840
4323,1,4,2,2,1984,Pune,15474547
2361,2,3,1,1,2003,Pune,8915227
4419,2,2,1,0,2011,Chennai,14025560
616,3,2,1,0,2017,Hyderabad,3158364
2592,3,1,1,0,1994,Delhi,11176293
4775,3,2,3,2,2008,Kolkata,14109668
4216,1,2,3,1,1980,Hyderabad,14841285
1449,2,4,2,1,1991,Bangalore,6739303
4493,4,4,3,1,1997,Hyderabad,16733078
1715,2,4,1,0,1985,Pune,6848880
4121,4,3,2,2,2001,Pune,15282204
2152,5,4,2,1,2002,Kolkata,7451196
3206,4,2,2,1,2000,Delhi,14255801
1050,1,1,2,1,1994,Hyderabad,4120855
3053,1,1,2,0,1998,Pune,10641568
3734,2,3,1,0,1995,Hyderabad,13355035
1930,4,1,3,2,1998,Hyderabad,7826667
2575,1,1,1,1,2010,Mumbai,12356620
3917,2,2,3,2,2011,Pune,14144030
1655,5,2,2,1,1981,Bangalore,7859450
1754,2,2,3,0,1989,Kolkata,5624132
3652,2,4,2,2,1984,Bangalore,14703095
2311,4,2,2,2,1991,Mumbai,12496470
3759,5,2,2,0,1990,Bangalore,15329416
4947,3,2,1,1,2013,Chennai,15919829
2774,3,3,2,1,1989,Kolkata,8693192
3422,3,4,2,1,1991,Kolkata,10540559
3474,4,1,3,2,2021,Hyderabad,12904403
2318,5,2,1,2,1995,Bangalore,10112805
2111,5,3,3,0,2012,Hyderabad,8846228
3915,1,3,2,0,1999,Chennai,12638533
3721,1,2,1,1,1986,Hyderabad,13026376
3174,2,2,2,1,1994,Delhi,13596490
761,1,4,1,2,2007,Hyderabad,3646607
4539,3,2,2,2,1999,Kolkata,13310322
4081,3,2,2,1,2005,Hyderabad,14779948
842,5,2,2,0,1990,Kolkata,3625087
938,5,3,1,2,2001,Delhi,5798551
1570,1,4,2,0,1997,Delhi,7376394
1096,5,1,1,0,2005,Kolkata,4058235
1965,3,2,1,2,1994,Chennai,6957813
4739,3,3,1,2,2018,Mumbai,23212960
1606,2,1,3,0,2017,Delhi,7414629
4699,5,3,3,2,2001,Kolkata,14348614
3729,2,3,3,2,1999,Chennai,12430345
4385,3,4,3,2,2007,Bangalore,17720600
4669,3,2,2,2,1991,Kolkata,13679012
4475,2,2,1,1,1987,Hyderabad,15735423
2065,2,1,1,2,1981,Bangalore,8371432
3574,1,2,1,1,2001,Chennai,11389975
1760,1,4,2,2,1984,Bangalore,7662574
1366,3,4,2,1,2013,Hyderabad,6074738
2419,4,1,3,2,1984,Bangalore,10297591
4066,5,1,1,0,1995,Delhi,17516150
4430,3,2,1,1,2011,Pune,15783985
1011,2,1,2,2,1992,Pune,4279240
3967,1,2,2,2,2007,Mumbai,19066878
966,2,3,2,0,1990,Kolkata,3567014
1169,1,2,2,2,2016,Kolkata,3919064
2036,2,3,1,1,2012,Pune,7845823
2472,1,2,3,1,2020,Pune,9125241
4786,4,4,1,2,2004,Delhi,20780683
1059,1,4,3,0,2020,Pune,4749898
4704,2,1,2,0,2018,Bangalore,17823272
4651,4,4,2,2,1996,Pune,17214521
1360,3,1,3,1,1995,Hyderabad,5719474
4656,3,1,3,1,1994,Hyderabad,16603492
4982,3,1,1,1,2021,Kolkata,14255460
4090,4,4,2,0,2014,Bangalore,16653292
1843,3,1,1,2,2004,Delhi,8423745
905,3,2,1,1,1983,Delhi,4906484
4100,4,3,2,0,1981,Bangalore,16471534
2775,5,1,1,0,1991,Delhi,12448314
4351,5,4,1,0,2015,Mumbai,22162019
1101,5,4,3,2,2004,Delhi,6865868
2054,2,4,2,2,1991,Chennai,7419849
2361,4,4,2,2,2022,Hyderabad,9691725
2419,2,3,3,1,2011,Chennai,8498280
3014,5,1,2,1,1995,Delhi,13537459
1992,1,4,1,1,1997,Hyderabad,7617177
3802,5,1,1,2,2001,Pune,14044994
3319,2,1,2,0,2003,Bangalore,12832198
567,3,1,1,0,1981,Chennai,2585478
4785,1,4,1,2,1994,Hyderabad,16850198
4657,4,4,2,0,1997,Bangalore,18648237
2278,4,3,3,2,2017,Bangalore,10211401
1404,3,3,1,0,1985,Delhi,6993753
4101,4,1,3,0,2003,Bangalore,16290944
2480,4,4,2,2,1984,Hyderabad,10010948
1316,5,2,2,0,2020,Bangalore,6556537
3866,3,1,3,0,1996,Pune,13882294
613,5,2,3,1,2003,Kolkata,3093227
634,4,2,2,0,2010,Delhi,4195371
4607,5,1,1,1,2000,Bangalore,18095903
4164,2,2,1,1,2021,Bangalore,16028289
1093,3,3,1,0,2016,Pune,4842799
4971,4,1,2,1,2022,Mumbai,24140441
2457,4,1,1,1,1989,Chennai,8437938
2872,2,4,1,0,2007,Pune,10710045
3196,1,3,2,1,2007,Kolkata,9397103
1128,5,3,2,0,1988,Kolkata,4546510
3608,2,1,1,1,1998,Pune,12662255
3686,3,3,2,0,2009,Kolkata,11048738
1373,1,1,1,2,1988,Pune,5095698
711,5,2,1,1,1993,Mumbai,5404830
3317,4,1,3,0,1980,Bangalore,13437932
859,1,2,2,0,2016,Delhi,4280003
2101,4,1,2,2,1991,Pune,8330944
3200,3,4,2,2,1985,Hyderabad,12197253
900,4,1,3,1,1996,Pune,4389806
4490,4,3,2,0,1982,Bangalore,17874536
4275,5,1,2,2,2019,Kolkata,12821510
3742,4,2,1,2,2006,Delhi,16312395
2267,4,2,1,2,1988,Pune,8882727
3639,1,2,1,2,2005,Kolkata,10469074
4728,5,2,1,1,2005,Bangalore,18737090
3700,5,4,3,0,1981,Hyderabad,14349151
3437,2,1,2,0,2009,Hyderabad,12195215
2119,2,2,2,0,2009,Hyderabad,7952910
2957,5,1,1,0,1980,Kolkata,9118724
4908,3,3,2,2,2006,Pune,17714364
752,3,4,1,0,1998,Delhi,4636245
934,3,1,2,1,1983,Pune,4158005
2072,3,1,2,0,2019,Mumbai,10794585
4444,1,1,1,0,1982,Pune,15175641
782,1,1,3,2,2007,Pune,3400172
4742,5,2,1,1,2005,Bangalore,18820152
3078,3,1,3,1,1999,Mumbai,15477353
731,4,3,1,0,1996,Bangalore,4224438
4542,4,4,2,2,1991,Pune,16879568
1024,3,3,3,0,2011,Mumbai,6595347
3804,3,4,1,1,2000,Pune,14021821
1819,3,3,1,0,1986,Pune,7266296
3051,2,2,3,0,1990,Mumbai,15215636
2224,2,2,3,1,1996,Kolkata,6950974
1076,3,2,1,2,2005,Pune,4810630
4455,3,1,2,2,2010,Bangalore,17255148
1932,1,1,3,0,2015,Mumbai,9685640
2977,2,4,2,1,2020,Kolkata,9165711
4725,3,3,2,2,1995,Kolkata,13953849
2891,3,1,3,0,2004,Chennai,9728685
1417,2,3,2,0,2022,Kolkata,4785456
4057,4,1,2,2,1990,Mumbai,20086634
1482,2,4,3,1,2001,Kolkata,5202700
2370,4,1,2,2,2009,Pune,9182667
4464,2,1,2,2,2002,Pune,15677470
1460,5,2,2,2,2010,Chennai,5950284
2847,4,4,3,1,1983,Hyderabad,11363717
3871,3,4,1,0,1980,Mumbai,19366072
1102,1,4,1,2,2022,Pune,4721421
1840,2,3,1,0,2020,Bangalore,7751023
2231,5,1,3,0,1986,Delhi,10597609
1284,1,3,2,1,1989,Chennai,4799194
3153,1,1,2,2,2011,Hyderabad,11072583
2899,1,4,3,0,2001,Chennai,9756431
3370,4,1,1,2,2018,Bangalore,13533717
3746,5,4,2,2,2004,Delhi,17125185
4912,2,2,2,0,2011,Delhi,20363170
3733,2,4,1,1,1993,Pune,13570271
3393,3,2,2,0,1999,Hyderabad,12423166
2987,5,1,1,2,2002,Delhi,13370007
2881,3,3,3,1,2007,Bangalore,12049675
1197,1,3,1,1,1980,Delhi,5680667
633,2,1,2,1,1980,Chennai,2655954
3435,5,4,3,0,2011,Hyderabad,13405548
3258,3,3,2,2,2016,Hyderabad,12242621
2861,5,4,2,0,1999,Delhi,13504559
4142,3,4,2,1,1993,Bangalore,16614285
2902,3,3,2,1,2008,Delhi,13047432
4576,2,2,3,0,2014,Delhi,19182802
1436,1,2,2,2,1999,Pune,5609953
2188,1,3,1,1,2013,Hyderabad,8081128
4860,1,2,1,2,1984,Kolkata,13753738
3118,3,3,1,0,1980,Kolkata,9465080
2545,3,4,1,1,1985,Hyderabad,9918965
910,3,4,2,0,2006,Delhi,5351330
577,4,4,1,1,2007,Hyderabad,3628483
2646,4,4,2,2,1982,Chennai,9675974
3904,5,4,2,1,2007,Bangalore,16308249
4990,1,4,1,0,1988,Mumbai,23762476
1103,1,2,1,1,2018,Chennai,3962165
818,2,4,1,0,2011,Pune,3900037
4874,3,2,3,2,2001,Pune,17467492
2284,3,2,1,2,2001,Hyderabad,8771452
2563,3,2,3,1,2018,Chennai,8953616
2805,5,3,3,1,2022,Chennai,10169665
1471,4,4,1,0,2001,Bangalore,7118652
2701,2,2,3,0,2011,Kolkata,8211790
3554,2,2,3,1,2006,Bangalore,14054581
2601,1,3,1,2,2016,Kolkata,7755644
2355,1,3,2,2,2000,Chennai,8021947
4448,5,4,1,2,2007,Kolkata,13635760
4495,4,1,2,1,1993,Hyderabad,16142019
2907,5,1,2,0,2019,Bangalore,12104976
4756,1,2,2,2,2010,Mumbai,22630258
1624,2,4,1,1,1986,Hyderabad,6574849
3184,4,1,2,2,1987,Mumbai,16250370
2290,4,1,3,2,1994,Hyderabad,9089805
2227,4,4,1,0,1982,Hyderabad,9039531
1724,2,1,1,0,2007,Chennai,5864560
604,5,4,2,1,2018,Chennai,3709958
4355,3,4,3,2,1988,Kolkata,13196057
3705,3,2,1,2,2021,Kolkata,10988727
4679,5,4,2,0,2014,Chennai,15867779
560,5,1,2,2,1981,Mumbai,4738770
864,3,1,2,1,2013,Delhi,4635222
1651,1,3,3,1,2022,Hyderabad,6596486
1444,5,1,2,2,2014,Pune,6352054
584,1,3,1,1,1987,Delhi,3292643
1177,4,3,2,1,1992,Bangalore,6086381
771,5,2,2,1,2003,Chennai,3849694
3407,4,3,3,0,1987,Chennai,11743890
4746,5,3,1,1,1994,Delhi,20586786
4148,2,1,2,2,2009,Hyderabad,14627220
3478,4,3,1,0,2004,Kolkata,10562484
4599,4,1,1,2,1983,Kolkata,13486907
793,1,1,1,1,2007,Pune,3163925
1821,5,4,3,2,2009,Hyderabad,8233272
3557,1,2,3,2,1999,Delhi,14994890
4041,5,2,3,2,1990,Delhi,17925046
4817,5,1,3,1,2007,Chennai,15919290
1692,2,2,3,0,2022,Bangalore,7270470
777,3,1,2,1,1991,Bangalore,3988495
3240,3,2,1,2,2008,Delhi,14036841
2105,3,2,2,2,1984,Mumbai,11226938
927,5,3,1,1,2019,Mumbai,6606591
3553,1,1,2,0,2017,Chennai,11163220
822,5,1,3,2,1980,Chennai,3994012
1244,5,1,1,0,2007,Pune,5471642
4881,3,3,3,2,1996,Pune,17726204
2753,4,2,1,0,1981,Hyderabad,10394707
3563,4,3,1,1,1997,Delhi,15752710
4957,5,4,3,1,2006,Mumbai,25192669
2439,1,2,3,2,2009,Mumbai,12281347
3485,2,2,2,1,1988,Chennai,11429745
1985,4,2,2,0,1989,Kolkata,6550009
1758,4,4,3,2,2007,Mumbai,10606523
536,2,1,2,2,1984,Bangalore,2990297
3202,4,3,2,1,1993,Kolkata,9955708
2135,1,3,2,2,1995,Delhi,9521697
1416,3,3,1,0,1989,Pune,5901130
2282,4,1,1,0,1985,Bangalore,9461831
2463,3,1,3,0,2008,Hyderabad,9277337
1108,1,1,2,1,1981,Mumbai,5873214
1721,2,4,2,2,1983,Kolkata,5779208
3212,2,3,1,1,1983,Chennai,10614118
3136,2,4,2,2,2005,Chennai,10687152
1132,3,1,2,0,2012,Mumbai,6517273
3365,3,3,1,2,2012,Chennai,11338129
2581,4,3,1,1,2008,Kolkata,8258664
3992,3,4,2,2,2002,Kolkata,12129247
4022,5,2,2,1,1990,Delhi,17674954
2759,2,2,3,2,2000,Pune,10282938
3098,4,1,2,1,1989,Hyderabad,11559286
3746,5,4,2,0,1995,Delhi,16974472
2319,3,1,2,0,1981,Chennai,7954463
1232,4,2,3,2,1995,Kolkata,4650648
2291,3,2,2,0,2014,Hyderabad,8808215
3964,3,1,2,0,1993,Chennai,12814091
1739,2,3,1,1,2013,Kolkata,5569435
1395,5,3,1,0,2009,Delhi,7500673
4015,1,4,2,0,2013,Pune,14301890
1830,2,2,3,1,2014,Chennai,6503235
503,2,4,1,2,2018,Delhi,3551384
4062,1,2,1,0,1990,Hyderabad,14090028
1657,3,1,2,0,2012,Kolkata,5314242
3194,3,2,2,2,2010,Pune,11847528
1432,1,2,1,1,1996,Chennai,4921281
3177,1,4,3,2,2020,Mumbai,16100149
2830,4,3,3,2,2015,Chennai,10119555
2418,1,2,1,1,2009,Delhi,10298823
3342,2,2,2,1,2022,Delhi,14317302
4184,5,1,1,2,2013,Bangalore,16709514
605,5,4,3,1,1980,Hyderabad,4103756
4763,1,3,2,0,1986,Kolkata,13673410
4185,4,4,1,0,2011,Pune,15413695
4734,4,3,3,2,2021,Chennai,15830374
2500,3,2,3,0,2020,Hyderabad,9547639
2309,4,2,1,0,2001,Delhi,10608991
3469,2,4,2,2,2007,Bangalore,14092772
3981,4,4,3,2,1993,Kolkata,12342875
508,4,2,1,2,2000,Mumbai,4218395
3168,5,1,1,0,1996,Delhi,14005689
2590,3,4,3,0,2018,Bangalore,11093163
2500,4,1,1,0,2020,Hyderabad,9432057
3273,5,4,2,2,2005,Kolkata,10555857
4084,3,1,1,0,1989,Chennai,13108015
3376,5,1,1,1,2000,Chennai,11465766
3612,2,3,3,2,2019,Delhi,15754256
1835,2,2,2,0,2021,Kolkata,5768085
3992,4,1,3,2,1992,Chennai,13331968
2165,3,3,2,0,1992,Pune,8553236
3577,5,1,2,0,1986,Hyderabad,13290357
2849,5,2,3,2,2008,Kolkata,9239268
4228,1,1,1,0,2008,Kolkata,11815495
3831,3,4,3,2,1988,Pune,14403249
1198,2,1,3,2,2002,Mumbai,6813871
1910,3,4,3,0,1988,Pune,7939379
1272,1,2,1,2,1997,Kolkata,4110996
2050,1,3,3,1,1982,Bangalore,8572595
4555,1,2,2,1,1980,Chennai,14460947
910,2,4,1,1,1995,Hyderabad,4306175
4540,2,4,1,1,2007,Mumbai,22173402
4171,3,1,1,2,2015,Mumbai,20205843
1718,1,3,2,2,2022,Kolkata,5473928
2211,5,4,3,1,1991,Delhi,11179747
2866,1,1,3,2,1995,Pune,10307407
1139,5,1,3,0,1982,Hyderabad,5353976
2469,1,3,1,2,2002,Kolkata,7457681
3220,1,4,3,2,2011,Chennai,10843883
4297,4,2,1,2,1999,Hyderabad,15624330
2053,3,4,3,2,1992,Hyderabad,8488408
2897,5,4,1,1,1984,Chennai,10429632
2924,3,4,1,0,2014,Chennai,10058746
1851,1,1,1,0,1981,Kolkata,5361908
557,4,1,1,1,2004,Bangalore,3348544
2405,1,4,3,2,1993,Bangalore,10066783
850,3,4,1,0,1987,Delhi,4959271
2416,5,1,2,1,2014,Hyderabad,9496280
1529,4,3,1,1,1989,Delhi,7765114
2185,2,4,3,1,2006,Delhi,10325972
2327,3,4,1,0,1999,Bangalore,9911126
2970,2,4,3,0,1985,Delhi,13318641
2902,5,4,3,1,1986,Chennai,10613504
3350,4,1,2,2,2020,Kolkata,10150782
3852,4,3,2,2,2015,Hyderabad,14445980
3427,5,1,3,2,2016,Pune,13011474
2477,4,1,1,2,2016,Hyderabad,9399348
1569,3,2,1,2,1992,Chennai,5768107
2117,4,4,2,1,2016,Hyderabad,8838181
1766,1,1,2,2,2014,Delhi,7760853
3269,2,3,3,0,1990,Delhi,14266960
3404,3,2,3,1,1989,Pune,12639242
4614,1,4,3,0,2016,Bangalore,17903989
901,5,2,3,1,2020,Bangalore,5198520
4388,3,2,1,1,1983,Delhi,18491429
2180,3,3,1,1,1980,Hyderabad,8526197
4631,2,1,1,0,2006,Mumbai,21798196
4848,2,4,1,1,1983,Pune,17311053
3319,5,2,1,1,1995,Delhi,14855142
2579,2,4,2,2,2014,Bangalore,10869341
4887,4,2,2,0,1998,Pune,17591356
4354,4,3,3,2,2010,Chennai,14734274
2047,5,1,1,0,1985,Kolkata,6635399
4238,4,3,2,2,2001,Bangalore,17157151
1227,3,1,2,2,2020,Chennai,4697772
3968,3,4,2,2,1989,Kolkata,12087906
4771,2,4,2,0,2007,Mumbai,23314459
2185,1,1,3,1,1994,Chennai,7212616
3334,5,2,1,1,2011,Hyderabad,12641441
1120,3,4,1,2,1989,Bangalore,5681606
1152,2,1,3,2,2006,Hyderabad,4817787
3197,1,4,1,1,2002,Bangalore,12628216
809,5,1,2,2,1981,Pune,4277629
2257,4,2,2,0,2011,Hyderabad,8873125
3466,5,1,3,0,2009,Hyderabad,13065730
1497,4,3,1,0,2017,Delhi,7598413
3794,3,4,2,0,1998,Kolkata,11517912
2857,4,3,3,0,1999,Chennai,10145040
1180,1,3,3,2,1994,Hyderabad,5013884
4341,3,2,2,2,1997,Hyderabad,15689340
4165,3,3,2,2,2011,Chennai,13874569
2915,5,2,2,2,1999,Chennai,10338179
1412,3,3,3,2,1994,Hyderabad,6297924
933,4,1,2,1,1984,Hyderabad,4400013
784,2,3,3,2,1987,Chennai,3585825
2046,4,4,1,0,2009,Hyderabad,8392563
4854,4,1,2,0,2012,Pune,17330101
2717,5,3,3,2,2013,Chennai,9987581
3370,1,3,1,2,1992,Kolkata,9828050
1457,4,3,3,0,2017,Pune,6488678
1282,5,2,3,0,2016,Kolkata,4923842
4716,2,1,1,2,2006,Mumbai,22338120
3216,1,3,2,1,1983,Mumbai,15803532
2579,5,2,1,0,1993,Pune,10017039
2844,5,2,1,1,1998,Kolkata,8995604
2374,1,3,2,1,2002,Delhi,10384244
4352,2,4,3,0,1994,Chennai,14365839
1955,5,4,2,0,2001,Mumbai,11484824
3841,1,2,1,0,2020,Chennai,12156783
1976,1,1,1,1,2007,Chennai,6476681
3655,2,3,3,0,1980,Chennai,12151225
4873,2,3,3,0,1999,Mumbai,23673455
4844,3,4,1,0,2001,Hyderabad,17366957
586,3,1,3,1,2020,Mumbai,4245718
3075,1,4,2,1,2009,Hyderabad,11331871
3013,1,4,1,2,1997,Mumbai,15089943
2939,2,3,3,0,1997,Delhi,12952879
2798,2,4,2,0,2021,Bangalore,11488773
4826,2,1,2,1,1992,Bangalore,18381817
3835,3,3,3,0,2004,Mumbai,19237050
965,4,4,3,1,1991,Pune,5062925
4248,4,3,3,1,1997,Bangalore,17200117
1468,3,1,3,1,2021,Chennai,5495826
1321,3,1,2,0,2002,Hyderabad,5449099
3419,1,4,1,2,1996,Bangalore,13462032
4937,5,3,1,2,1991,Hyderabad,18078932
617,1,2,3,1,1998,Bangalore,3254565
1300,4,3,2,0,2013,Bangalore,6436550
2743,3,1,3,2,1980,Pune,10302614
2751,5,3,2,2,2015,Pune,11040880
1389,1,3,2,0,2022,Mumbai,7573415
757,4,4,1,1,2007,Mumbai,5693641
4258,4,3,1,0,2004,Mumbai,21203720
4535,4,1,2,0,1984,Pune,16274199
1103,4,3,2,2,2004,Chennai,4840938
4832,5,2,3,0,2012,Hyderabad,17721880
3077,2,3,3,2,2017,Kolkata,9452675
4921,5,2,3,0,2017,Bangalore,19593899
4320,3,2,1,0,2004,Bangalore,16730703
4206,2,1,2,2,1982,Chennai,13439484
884,1,2,2,2,1987,Bangalore,4181664
1969,4,1,3,1,2008,Kolkata,6508118
3756,3,3,2,0,2003,Pune,13747755
2018,5,3,2,0,2009,Bangalore,9290229
3885,2,3,2,2,1998,Bangalore,15327496
3655,1,3,3,1,1989,Pune,13203972
1133,5,4,2,1,2000,Bangalore,6319279
4597,4,1,3,0,2021,Hyderabad,16533706
4294,3,4,3,0,2005,Delhi,18674393
4721,4,2,3,2,2001,Delhi,20317942
4968,5,3,2,2,2002,Kolkata,15019137
4161,1,1,2,1,1999,Hyderabad,14423561
3766,4,4,2,2,2000,Hyderabad,14281656
3239,2,2,2,0,1981,Kolkata,9507128
4412,5,4,2,2,1983,Mumbai,22665582
915,2,2,3,2,2012,Bangalore,4634302
3908,3,1,2,1,2015,Mumbai,19109281
1751,4,3,2,2,2002,Chennai,6806668
2610,2,4,1,0,1989,Chennai,8884614
3089,1,2,3,0,2020,Chennai,10049385
2468,3,1,2,2,1988,Mumbai,12692809
699,1,4,1,0,2013,Chennai,2969069
1491,3,2,3,1,2005,Hyderabad,6289575
3320,3,3,3,2,1995,Chennai,11365798
4539,4,3,2,2,1987,Mumbai,22715936
2723,1,4,1,2,1980,Chennai,9195099
1999,3,3,3,0,1999,Chennai,7389505
4385,5,2,1,0,2016,Kolkata,13140284
4529,2,2,2,2,1985,Delhi,18915321
4753,1,4,2,0,1991,Hyderabad,16755276
3127,5,1,3,2,1986,Kolkata,9882080
1916,4,1,1,1,1999,Mumbai,10299825
4291,3,2,3,0,2018,Kolkata,12646437
4727,2,4,1,0,1997,Chennai,15294123
4254,2,2,2,2,2010,Chennai,13811840
2634,1,1,3,1,2013,Pune,9469217
1031,1,3,2,1,1989,Bangalore,4803088
4288,4,4,1,0,2004,Hyderabad,15843428
3512,2,3,2,1,2012,Hyderabad,12760183
1421,5,4,1,0,2001,Kolkata,5401047
4573,3,4,3,0,2007,Pune,16754006
2000,4,1,2,0,1984,Chennai,7115894
2902,3,3,2,0,1995,Chennai,9907330
2176,4,4,3,0,1992,Chennai,8195614
2264,4,4,2,2,2014,Pune,9316563
4977,1,1,3,2,1999,Hyderabad,17204853
2282,3,3,3,1,1997,Bangalore,9910877
3247,4,3,3,2,2018,Delhi,14786506
2661,1,2,1,1,2005,Mumbai,12941112
1762,3,2,3,2,2012,Chennai,6563655
503,5,2,2,2,1987,Bangalore,3755533
1079,1,2,1,1,2014,Chennai,3903585
4130,4,1,1,1,1997,Pune,14820262
3960,3,2,2,0,2019,Hyderabad,14279945
4123,3,3,3,2,1989,Delhi,17931317
1698,4,1,2,2,1999,Bangalore,7641543
4120,5,2,1,2,1984,Bangalore,16607423
1817,2,3,2,2,2010,Delhi,8542547
1757,5,2,2,1,1986,Pune,7484279
3501,1,3,1,0,2015,Chennai,11225514
846,5,2,2,1,1987,Bangalore,4922981
4374,5,3,1,1,1991,Hyderabad,16195393
700,5,1,1,0,1991,Hyderabad,3722659
4762,4,4,1,0,1980,Delhi,20526694
1499,4,2,3,0,1980,Delhi,7662119
515,3,3,2,0,1984,Hyderabad,3124060
654,1,2,1,1,2020,Pune,2827490
717,4,3,3,0,2005,Chennai,3714748
4707,4,4,2,1,1980,Bangalore,18960406
739,4,2,1,0,1982,Chennai,3392569
2693,4,3,3,2,2001,Bangalore,11625508
836,5,4,3,0,2016,Chennai,4368664
3764,2,4,3,1,1986,Pune,13895977
1251,1,4,2,0,1982,Kolkata,4293615
1268,2,1,1,1,1996,Mumbai,6804744
2172,4,3,3,0,1989,Chennai,8037649
3102,2,4,3,0,2012,Chennai,10646202
2444,2,2,1,1,1997,Hyderabad,9004644
2726,1,2,1,2,1990,Chennai,8841292
4968,3,1,2,1,1999,Bangalore,19061320
3217,2,1,1,0,1992,Bangalore,12380936
2573,4,4,2,1,1993,Pune,10347474
2433,3,1,2,1,2007,Pune,9166128
729,5,4,3,2,2007,Hyderabad,4597333
3832,1,2,2,2,1996,Kolkata,11076829
1988,4,2,2,1,2010,Pune,8059142
1452,3,3,2,2,2006,Pune,6230527
4433,4,3,2,1,1980,Bangalore,17717224
2420,4,2,3,1,1987,Chennai,8705658
3088,4,3,3,0,1980,Chennai,10853610
2154,1,1,3,2,2020,Pune,7945433
3588,2,2,3,0,2008,Bangalore,14077894
4434,2,3,2,2,2009,Pune,15867685
1199,2,3,2,2,1992,Kolkata,4246489
807,2,3,1,1,1996,Kolkata,3062119
3331,3,4,1,1,2021,Chennai,11326151
1010,1,3,1,2,2014,Mumbai,5836201
747,1,4,2,1,1999,Pune,3638695
3917,1,4,1,2,2012,Kolkata,11449226
1290,1,3,3,0,1988,Pune,5330680
2175,2,3,2,1,2000,Pune,8368061
4854,4,3,1,1,1996,Chennai,15927368
1606,1,1,3,1,1981,Chennai,5557239
2619,5,1,1,0,2022,Bangalore,10910638
3011,1,1,3,0,2014,Delhi,12598691
4610,2,4,2,1,2009,Hyderabad,16571505
2638,4,1,1,0,2002,Hyderabad,9901037
961,3,3,3,1,1982,Delhi,5565374
2663,4,4,3,1,2001,Pune,10746469
1184,4,1,1,0,2005,Pune,5052956
3611,1,4,3,0,1992,Delhi,15491031
2311,4,1,3,2,1980,Delhi,10813376
4718,4,1,2,1,2017,Bangalore,18452747
1838,1,1,2,0,1990,Delhi,7899274
3322,5,2,1,0,2005,Kolkata,10197037
3107,2,1,3,1,1998,Chennai,10224463
4751,1,4,2,1,2019,Hyderabad,16794945
1642,5,3,1,1,1985,Hyderabad,7215324
3929,5,4,3,2,1983,Hyderabad,15170467
4272,2,3,2,1,2009,Hyderabad,15342234
575,2,3,2,0,1993,Mumbai,4192785
766,4,3,3,1,2005,Bangalore,4650931
2352,4,1,2,0,2017,Hyderabad,9027698
2168,2,4,1,1,1987,Hyderabad,8410481
4235,2,3,1,2,2019,Bangalore,16501942
3768,2,3,1,1,1989,Kolkata,11111676
1253,2,2,2,2,2009,Kolkata,4301230
3079,3,3,2,2,2010,Delhi,13796720
860,1,4,1,2,2009,Kolkata,3216831
2153,4,1,3,2,2000,Chennai,7855757
1964,3,1,3,1,2005,Kolkata,6285979
3042,3,2,1,1,1995,Chennai,10143769
3972,3,1,2,0,1997,Mumbai,19338089
2082,2,3,3,1,1987,Kolkata,6723916
823,1,4,3,0,1997,Mumbai,5360509
2181,1,2,1,1,1984,Pune,7936459
3798,2,2,3,0,2009,Pune,13631931
947,5,3,3,2,2016,Mumbai,6996550
1503,2,2,1,0,1983,Bangalore,6381665
2430,3,4,2,1,2002,Bangalore,10445934
3157,3,1,2,1,2003,Kolkata,9418043
1834,3,2,1,1,2000,Kolkata,5924000
2436,2,1,2,2,2016,Pune,8965971
2453,3,4,1,0,1985,Pune,9570237
3695,1,3,2,2,1982,Chennai,12035988
3962,3,1,2,2,1993,Hyderabad,14237279
4516,5,1,2,1,1981,Kolkata,13423832
3851,4,3,1,2,1983,Mumbai,19522510
2295,4,1,1,0,1980,Delhi,10294633
4077,1,4,3,1,2005,Kolkata,12079975
1350,5,1,3,0,1981,Bangalore,6649629
4763,5,4,1,2,1980,Kolkata,14523093
4423,1,1,2,1,2013,Chennai,13912405
4125,3,2,1,0,1992,Kolkata,12023954
3257,2,1,1,1,1995,Chennai,10448973
836,5,3,2,0,1985,Mumbai,6277541
869,3,3,3,1,1983,Chennai,3960260
1315,5,4,3,1,2014,Chennai,5880370
3605,5,2,2,2,1999,Hyderabad,13666042
4300,5,4,3,1,1985,Chennai,14886784
1223,4,4,1,2,1994,Pune,5796414
1601,1,2,2,0,1991,Chennai,5489667
4779,4,4,1,0,2021,Chennai,15823550
1618,1,4,2,0,2022,Chennai,5860091
2899,2,4,3,2,2017,Pune,11097219
2058,2,1,1,0,1986,Pune,7477939
1068,2,3,1,1,2012,Delhi,5481231
1940,3,1,2,1,1993,Kolkata,6136341
1943,1,2,3,0,1982,Hyderabad,7295247
1661,4,1,3,1,2000,Delhi,8119095
2808,5,4,1,0,1986,Kolkata,9087319
2011,5,4,3,0,2020,Mumbai,11886546
1797,3,3,1,2,2001,Pune,7319907
1920,3,1,3,1,2013,Mumbai,10321599
4562,4,2,2,2,2018,Mumbai,22677915
1275,1,2,2,1,1995,Mumbai,6909302
4554,2,3,3,0,2021,Pune,16267711
1007,2,2,1,2,2000,Bangalore,4655695
2179,5,3,2,1,1982,Chennai,8195066
1242,1,1,3,1,2013,Pune,4865461
3286,2,2,1,1,1990,Chennai,10728205
4887,3,1,1,0,1997,Mumbai,23219023
2722,3,4,3,2,1994,Mumbai,14662479
730,3,1,1,1,2008,Bangalore,3668480
2383,1,3,2,0,2005,Delhi,10421755
3211,1,1,1,2,1997,Kolkata,9177287
2161,1,2,2,1,2006,Hyderabad,7954314
1042,5,3,3,2,2012,Delhi,6474087
2923,3,2,3,2,2007,Delhi,13137160
1453,2,4,1,2,1992,Chennai,5571763
4435,3,3,3,1,1987,Hyderabad,16183623
1405,5,1,2,0,2004,Pune,6081962
4494,2,3,2,0,2022,Delhi,18858229
1841,5,4,1,2,2016,Bangalore,8833064
2442,5,4,3,1,2010,Hyderabad,10179368
3376,2,2,3,1,2005,Hyderabad,12295000
1522,5,1,3,2,1990,Kolkata,5475503
4495,2,1,3,1,1992,Kolkata,12956947
4105,3,3,2,1,1982,Pune,14988196
3883,4,4,3,2,2010,Delhi,17469317
3843,1,4,3,2,2021,Kolkata,11428489
2210,1,1,2,1,1990,Chennai,7206438
3332,4,3,3,0,1987,Bangalore,13878728
2918,5,4,1,2,2015,Delhi,13673152
2381,2,3,1,2,1991,Mumbai,12263269
2605,2,2,1,2,2008,Delhi,11362524
2605,2,2,1,2,1996,Kolkata,7855966
3466,4,2,1,0,2007,Delhi,15084739
4387,1,4,1,2,1986,Chennai,14119459
1486,2,2,2,1,1985,Kolkata,4853180
3969,3,4,2,0,2010,Hyderabad,14589379
3149,3,4,2,1,2011,Pune,12032160
692,4,2,1,2,1984,Kolkata,3083737
1938,3,4,3,0,2002,Kolkata,6625704
4621,2,4,2,2,1984,Delhi,19718848
4231,2,4,2,2,2015,Mumbai,21016209
1658,2,1,3,0,1982,Hyderabad,6399254
3688,2,2,3,0,2003,Chennai,12033963
2809,1,1,1,1,2001,Delhi,11646480
4001,2,2,2,0,1991,Bangalore,15449538
1020,1,1,2,2,2004,Pune,4111686
2633,5,2,3,0,1998,Pune,10433053
1099,2,3,3,2,2018,Bangalore,5421349
3423,1,2,2,2,2017,Kolkata,9962381
2764,3,3,1,0,2022,Delhi,12297327
3887,1,2,1,0,1987,Pune,13514872
2924,3,3,2,1,2016,Hyderabad,11042898
1746,5,2,1,0,2001,Pune,7328989
4215,4,4,3,0,2005,Pune,15757631
1562,1,2,2,1,1992,Bangalore,6486167
4393,2,3,1,2,2013,Pune,15659125
3827,5,4,3,1,2021,Pune,14793753
4550,4,4,2,2,2015,Delhi,19985196
3649,3,4,1,1,2005,Delhi,15997085
3412,2,4,2,1,2003,Bangalore,13832529
3056,2,4,2,0,2003,Chennai,10408664
3166,2,1,2,1,1993,Pune,11359110
4154,1,1,1,0,2003,Kolkata,11627158
3875,3,2,2,2,1993,Hyderabad,14151918
4522,5,1,2,2,1992,Pune,16560528
3173,2,3,2,2,2009,Delhi,13855834
627,1,2,3,1,1996,Delhi,3596328
2606,2,4,1,1,2021,Mumbai,13468005
4697,5,4,3,2,1999,Mumbai,24183026
1186,4,1,3,0,1997,Kolkata,4300225
4423,2,2,3,1,2017,Chennai,14296436
3390,4,4,1,1,2021,Chennai,11717325
1491,4,3,1,2,1984,Pune,6554845
2945,2,4,3,2,2003,Pune,11230658
911,2,3,1,0,1981,Hyderabad,4088367
1698,1,2,3,0,2013,Delhi,7632426
4910,4,2,3,0,2007,Hyderabad,17751613
1735,4,1,3,1,2011,Delhi,8483137
2246,4,2,3,0,1994,Pune,8914375
3665,5,3,1,0,2017,Chennai,12585407
3872,5,4,1,2,1989,Mumbai,20113697
537,3,1,2,2,2018,Pune,2931876
3580,3,3,3,2,2016,Chennai,12202725
2949,3,3,1,2,2001,Bangalore,12157199
3568,4,2,2,0,1994,Chennai,11975606
709,2,2,3,2,2018,Mumbai,4812972
3062,4,2,2,0,2021,Kolkata,9390767
2160,3,4,1,1,1996,Pune,8653339
4785,4,1,2,1,2013,Mumbai,23339840
1420,5,2,1,0,2007,Bangalore,6760053
4817,2,1,2,2,2001,Pune,16875178
4215,4,1,1,2,1980,Delhi,17917465
1677,2,1,3,2,1984,Pune,6625214
4527,3,2,2,2,1998,Mumbai,22192454
4061,3,2,2,2,2016,Mumbai,20024870
2593,4,4,2,1,1981,Mumbai,14103791
1953,4,4,1,0,2018,Kolkata,6579915
3113,3,2,2,2,2021,Pune,11616671
1816,2,3,2,2,2009,Hyderabad,7261924
2654,3,2,2,0,1986,Hyderabad,9935460
832,2,4,1,2,2006,Pune,4060861
3854,3,4,2,1,2008,Delhi,16918574
3979,3,2,2,1,2014,Mumbai,19649605
3635,1,3,1,1,1982,Pune,12829649
1580,2,1,3,1,2019,Kolkata,5096300
3843,5,1,3,0,2001,Delhi,16898562
936,4,1,2,1,2020,Delhi,5228248
3255,3,3,1,1,2014,Pune,12100185
2073,3,3,3,0,1993,Pune,8283959
4539,3,4,3,0,2000,Chennai,15111349
2477,4,4,2,0,2007,Mumbai,13539372
1293,1,3,2,1,1994,Mumbai,7181381
3561,4,2,2,2,1980,Kolkata,10827733
1176,3,4,2,0,1993,Chennai,4884883
4475,1,2,1,0,2008,Delhi,18182580
1240,3,1,1,0,2004,Mumbai,6824998
3697,2,2,2,2,2001,Kolkata,10884685
1637,2,4,1,1,1988,Kolkata,5504416
532,5,4,1,2,2017,Bangalore,4109847
3858,1,1,1,0,2002,Delhi,15600101
3875,1,3,2,1,1999,Chennai,12507813
4185,2,3,3,0,2013,Kolkata,12359982
3903,3,1,3,2,2000,Pune,14172239
4609,1,2,3,2,2001,Mumbai,22072840
3510,4,2,1,1,1986,Kolkata,10575002
1051,1,1,1,0,1990,Delhi,4638479
1941,2,3,2,0,1982,Chennai,6852217
1937,2,4,3,0,2007,Pune,7810247
4620,2,3,3,2,1991,Bangalore,18158011
2850,2,2,1,2,2017,Hyderabad,10400089
1952,2,3,1,2,1998,Mumbai,10384502
3692,2,2,2,2,1982,Chennai,12087251
867,4,3,1,1,1994,Pune,4364105
3784,5,2,1,1,2012,Hyderabad,14083820
4464,1,3,3,1,2008,Mumbai,21621957
1583,4,1,3,0,1993,Kolkata,5366258
1419,1,3,2,1,1994,Chennai,5164755
4683,4,3,3,2,1995,Bangalore,18860996
1599,3,1,2,0,2018,Delhi,7442909
3556,1,3,2,1,1986,Pune,12717931
4230,3,1,3,0,1996,Mumbai,20587789
3671,2,3,3,2,2009,Delhi,15898773
1780,3,4,3,2,2011,Kolkata,6198321
4555,2,3,2,0,2009,Mumbai,22056349
528,1,1,3,1,2015,Chennai,2275123
4905,3,4,2,2,2019,Bangalore,19496446
2727,4,2,1,2,2022,Bangalore,11367689
3611,3,3,1,1,2001,Hyderabad,13210586
1636,3,1,3,1,2001,Kolkata,5372455
3047,4,4,3,0,2009,Kolkata,9728911
2056,1,3,2,2,1984,Kolkata,6418939
3439,3,3,1,1,2003,Bangalore,13785639
2303,3,1,3,2,2016,Delhi,10496130
2382,3,2,3,0,1984,Pune,9198735
2769,5,3,3,2,2016,Chennai,10115817
1684,1,1,2,2,2021,Mumbai,8590084
4390,1,1,3,0,1998,Kolkata,12401423
2856,2,2,1,0,2012,Bangalore,11203154
4844,4,4,1,1,2021,Bangalore,19335568
4448,1,3,3,1,1996,Chennai,14298807
4984,1,4,1,1,2011,Kolkata,14277658
4124,2,3,2,2,2021,Bangalore,16265791
3860,4,1,2,1,1995,Chennai,12817313
4342,3,3,2,2,2022,Hyderabad,15844887
4951,1,2,2,1,1985,Mumbai,23440494
4724,3,3,3,1,2001,Chennai,15592391
771,1,2,3,0,2004,Bangalore,3689294
3702,4,3,2,0,2011,Bangalore,15101657
3428,3,3,3,1,1983,Delhi,15177459
3051,4,4,1,2,2011,Bangalore,12885913
4575,4,3,2,2,1996,Kolkata,13791870
3219,2,1,2,2,2020,Chennai,10552613
3468,3,3,2,1,2003,Chennai,11655713
532,2,2,2,2,2010,Chennai,2609511
3436,4,3,1,1,1996,Pune,12881125
1835,3,4,1,1,2012,Kolkata,6154400
1722,4,4,3,2,1989,Mumbai,10432864
3698,1,4,2,0,2014,Bangalore,14559572
1803,1,1,3,1,2014,Pune,6714192
4455,4,4,2,1,2011,Mumbai,22533275
4359,5,1,1,1,1988,Bangalore,17244025
4301,5,2,1,2,1990,Bangalore,17262801
2561,3,4,2,1,2011,Delhi,11887665
2987,5,4,3,0,1991,Pune,11970447
655,5,1,3,1,2009,Hyderabad,3825457
703,1,3,3,2,1993,Kolkata,2794602
3024,1,4,1,1,1983,Kolkata,9007841
